,location,target,type,quantile,forecast_date,target_end_date,value
23,01,1 wk ahead cum death,point,,2020-06-21,2020-06-27,912
47,02,1 wk ahead cum death,point,,2020-06-21,2020-06-27,13
71,04,1 wk ahead cum death,point,,2020-06-21,2020-06-27,1595
95,05,1 wk ahead cum death,point,,2020-06-21,2020-06-27,266
119,06,1 wk ahead cum death,point,,2020-06-21,2020-06-27,6087
143,08,1 wk ahead cum death,point,,2020-06-21,2020-06-27,1708
167,09,1 wk ahead cum death,point,,2020-06-21,2020-06-27,4355
191,10,1 wk ahead cum death,point,,2020-06-21,2020-06-27,456
215,11,1 wk ahead cum death,point,,2020-06-21,2020-06-27,552
239,12,1 wk ahead cum death,point,,2020-06-21,2020-06-27,3474
263,13,1 wk ahead cum death,point,,2020-06-21,2020-06-27,2952
287,15,1 wk ahead cum death,point,,2020-06-21,2020-06-27,18
311,16,1 wk ahead cum death,point,,2020-06-21,2020-06-27,97
335,17,1 wk ahead cum death,point,,2020-06-21,2020-06-27,7051
359,18,1 wk ahead cum death,point,,2020-06-21,2020-06-27,2652
383,19,1 wk ahead cum death,point,,2020-06-21,2020-06-27,737
407,20,1 wk ahead cum death,point,,2020-06-21,2020-06-27,281
431,21,1 wk ahead cum death,point,,2020-06-21,2020-06-27,560
455,22,1 wk ahead cum death,point,,2020-06-21,2020-06-27,3200
479,23,1 wk ahead cum death,point,,2020-06-21,2020-06-27,107
503,24,1 wk ahead cum death,point,,2020-06-21,2020-06-27,3231
527,25,1 wk ahead cum death,point,,2020-06-21,2020-06-27,8085
551,26,1 wk ahead cum death,point,,2020-06-21,2020-06-27,6213
575,27,1 wk ahead cum death,point,,2020-06-21,2020-06-27,1539
599,28,1 wk ahead cum death,point,,2020-06-21,2020-06-27,997
623,29,1 wk ahead cum death,point,,2020-06-21,2020-06-27,1015
647,30,1 wk ahead cum death,point,,2020-06-21,2020-06-27,21
671,31,1 wk ahead cum death,point,,2020-06-21,2020-06-27,279
695,32,1 wk ahead cum death,point,,2020-06-21,2020-06-27,515
719,33,1 wk ahead cum death,point,,2020-06-21,2020-06-27,370
743,34,1 wk ahead cum death,point,,2020-06-21,2020-06-27,13349
767,35,1 wk ahead cum death,point,,2020-06-21,2020-06-27,495
791,36,1 wk ahead cum death,point,,2020-06-21,2020-06-27,31837
815,37,1 wk ahead cum death,point,,2020-06-21,2020-06-27,1351
839,38,1 wk ahead cum death,point,,2020-06-21,2020-06-27,83
863,39,1 wk ahead cum death,point,,2020-06-21,2020-06-27,2861
887,40,1 wk ahead cum death,point,,2020-06-21,2020-06-27,390
911,41,1 wk ahead cum death,point,,2020-06-21,2020-06-27,203
935,42,1 wk ahead cum death,point,,2020-06-21,2020-06-27,6695
959,44,1 wk ahead cum death,point,,2020-06-21,2020-06-27,927
983,45,1 wk ahead cum death,point,,2020-06-21,2020-06-27,721
1007,46,1 wk ahead cum death,point,,2020-06-21,2020-06-27,93
1031,47,1 wk ahead cum death,point,,2020-06-21,2020-06-27,598
1055,48,1 wk ahead cum death,point,,2020-06-21,2020-06-27,2436
1079,49,1 wk ahead cum death,point,,2020-06-21,2020-06-27,194
1103,50,1 wk ahead cum death,point,,2020-06-21,2020-06-27,58
1127,51,1 wk ahead cum death,point,,2020-06-21,2020-06-27,1725
1151,53,1 wk ahead cum death,point,,2020-06-21,2020-06-27,1333
1175,54,1 wk ahead cum death,point,,2020-06-21,2020-06-27,93
1199,55,1 wk ahead cum death,point,,2020-06-21,2020-06-27,798
1223,56,1 wk ahead cum death,point,,2020-06-21,2020-06-27,22
1247,US,1 wk ahead cum death,point,,2020-06-21,2020-06-27,139309
1271,01,2 wk ahead cum death,point,,2020-06-21,2020-07-04,983
1295,02,2 wk ahead cum death,point,,2020-06-21,2020-07-04,15
1319,04,2 wk ahead cum death,point,,2020-06-21,2020-07-04,1823
1343,05,2 wk ahead cum death,point,,2020-06-21,2020-07-04,311
1367,06,2 wk ahead cum death,point,,2020-06-21,2020-07-04,6558
1391,08,2 wk ahead cum death,point,,2020-06-21,2020-07-04,1753
1415,09,2 wk ahead cum death,point,,2020-06-21,2020-07-04,4426
1439,10,2 wk ahead cum death,point,,2020-06-21,2020-07-04,472
1463,11,2 wk ahead cum death,point,,2020-06-21,2020-07-04,567
1487,12,2 wk ahead cum death,point,,2020-06-21,2020-07-04,3765
1511,13,2 wk ahead cum death,point,,2020-06-21,2020-07-04,3180
1535,15,2 wk ahead cum death,point,,2020-06-21,2020-07-04,19
1559,16,2 wk ahead cum death,point,,2020-06-21,2020-07-04,102
1583,17,2 wk ahead cum death,point,,2020-06-21,2020-07-04,7349
1607,18,2 wk ahead cum death,point,,2020-06-21,2020-07-04,2761
1631,19,2 wk ahead cum death,point,,2020-06-21,2020-07-04,775
1655,20,2 wk ahead cum death,point,,2020-06-21,2020-07-04,298
1679,21,2 wk ahead cum death,point,,2020-06-21,2020-07-04,586
1703,22,2 wk ahead cum death,point,,2020-06-21,2020-07-04,3271
1727,23,2 wk ahead cum death,point,,2020-06-21,2020-07-04,112
1751,24,2 wk ahead cum death,point,,2020-06-21,2020-07-04,3354
1775,25,2 wk ahead cum death,point,,2020-06-21,2020-07-04,8270
1799,26,2 wk ahead cum death,point,,2020-06-21,2020-07-04,6304
1823,27,2 wk ahead cum death,point,,2020-06-21,2020-07-04,1632
1847,28,2 wk ahead cum death,point,,2020-06-21,2020-07-04,1042
1871,29,2 wk ahead cum death,point,,2020-06-21,2020-07-04,1077
1895,30,2 wk ahead cum death,point,,2020-06-21,2020-07-04,22
1919,31,2 wk ahead cum death,point,,2020-06-21,2020-07-04,305
1943,32,2 wk ahead cum death,point,,2020-06-21,2020-07-04,539
1967,33,2 wk ahead cum death,point,,2020-06-21,2020-07-04,394
1991,34,2 wk ahead cum death,point,,2020-06-21,2020-07-04,13652
2015,35,2 wk ahead cum death,point,,2020-06-21,2020-07-04,516
2039,36,2 wk ahead cum death,point,,2020-06-21,2020-07-04,32360
2063,37,2 wk ahead cum death,point,,2020-06-21,2020-07-04,1451
2087,38,2 wk ahead cum death,point,,2020-06-21,2020-07-04,88
2111,39,2 wk ahead cum death,point,,2020-06-21,2020-07-04,3016
2135,40,2 wk ahead cum death,point,,2020-06-21,2020-07-04,405
2159,41,2 wk ahead cum death,point,,2020-06-21,2020-07-04,216
2183,42,2 wk ahead cum death,point,,2020-06-21,2020-07-04,6895
2207,44,2 wk ahead cum death,point,,2020-06-21,2020-07-04,953
2231,45,2 wk ahead cum death,point,,2020-06-21,2020-07-04,791
2255,46,2 wk ahead cum death,point,,2020-06-21,2020-07-04,102
2279,47,2 wk ahead cum death,point,,2020-06-21,2020-07-04,653
2303,48,2 wk ahead cum death,point,,2020-06-21,2020-07-04,2638
2327,49,2 wk ahead cum death,point,,2020-06-21,2020-07-04,220
2351,50,2 wk ahead cum death,point,,2020-06-21,2020-07-04,59
2375,51,2 wk ahead cum death,point,,2020-06-21,2020-07-04,1809
2399,53,2 wk ahead cum death,point,,2020-06-21,2020-07-04,1394
2423,54,2 wk ahead cum death,point,,2020-06-21,2020-07-04,97
2447,55,2 wk ahead cum death,point,,2020-06-21,2020-07-04,848
2471,56,2 wk ahead cum death,point,,2020-06-21,2020-07-04,24
2495,US,2 wk ahead cum death,point,,2020-06-21,2020-07-04,154679
2519,01,3 wk ahead cum death,point,,2020-06-21,2020-07-11,1037
2543,02,3 wk ahead cum death,point,,2020-06-21,2020-07-11,16
2567,04,3 wk ahead cum death,point,,2020-06-21,2020-07-11,1991
2591,05,3 wk ahead cum death,point,,2020-06-21,2020-07-11,348
2615,06,3 wk ahead cum death,point,,2020-06-21,2020-07-11,6875
2639,08,3 wk ahead cum death,point,,2020-06-21,2020-07-11,1782
2663,09,3 wk ahead cum death,point,,2020-06-21,2020-07-11,4468
2687,10,3 wk ahead cum death,point,,2020-06-21,2020-07-11,482
2711,11,3 wk ahead cum death,point,,2020-06-21,2020-07-11,576
2735,12,3 wk ahead cum death,point,,2020-06-21,2020-07-11,3984
2759,13,3 wk ahead cum death,point,,2020-06-21,2020-07-11,3318
2783,15,3 wk ahead cum death,point,,2020-06-21,2020-07-11,20
2807,16,3 wk ahead cum death,point,,2020-06-21,2020-07-11,106
2831,17,3 wk ahead cum death,point,,2020-06-21,2020-07-11,7529
2855,18,3 wk ahead cum death,point,,2020-06-21,2020-07-11,2845
2879,19,3 wk ahead cum death,point,,2020-06-21,2020-07-11,798
2903,20,3 wk ahead cum death,point,,2020-06-21,2020-07-11,309
2927,21,3 wk ahead cum death,point,,2020-06-21,2020-07-11,602
2951,22,3 wk ahead cum death,point,,2020-06-21,2020-07-11,3315
2975,23,3 wk ahead cum death,point,,2020-06-21,2020-07-11,114
2999,24,3 wk ahead cum death,point,,2020-06-21,2020-07-11,3430
3023,25,3 wk ahead cum death,point,,2020-06-21,2020-07-11,8394
3047,26,3 wk ahead cum death,point,,2020-06-21,2020-07-11,6359
3071,27,3 wk ahead cum death,point,,2020-06-21,2020-07-11,1689
3095,28,3 wk ahead cum death,point,,2020-06-21,2020-07-11,1069
3119,29,3 wk ahead cum death,point,,2020-06-21,2020-07-11,1132
3143,30,3 wk ahead cum death,point,,2020-06-21,2020-07-11,23
3167,31,3 wk ahead cum death,point,,2020-06-21,2020-07-11,321
3191,32,3 wk ahead cum death,point,,2020-06-21,2020-07-11,555
3215,33,3 wk ahead cum death,point,,2020-06-21,2020-07-11,408
3239,34,3 wk ahead cum death,point,,2020-06-21,2020-07-11,13835
3263,35,3 wk ahead cum death,point,,2020-06-21,2020-07-11,528
3287,36,3 wk ahead cum death,point,,2020-06-21,2020-07-11,32678
3311,37,3 wk ahead cum death,point,,2020-06-21,2020-07-11,1512
3335,38,3 wk ahead cum death,point,,2020-06-21,2020-07-11,91
3359,39,3 wk ahead cum death,point,,2020-06-21,2020-07-11,3141
3383,40,3 wk ahead cum death,point,,2020-06-21,2020-07-11,415
3407,41,3 wk ahead cum death,point,,2020-06-21,2020-07-11,225
3431,42,3 wk ahead cum death,point,,2020-06-21,2020-07-11,7017
3455,44,3 wk ahead cum death,point,,2020-06-21,2020-07-11,970
3479,45,3 wk ahead cum death,point,,2020-06-21,2020-07-11,849
3503,46,3 wk ahead cum death,point,,2020-06-21,2020-07-11,108
3527,47,3 wk ahead cum death,point,,2020-06-21,2020-07-11,688
3551,48,3 wk ahead cum death,point,,2020-06-21,2020-07-11,2772
3575,49,3 wk ahead cum death,point,,2020-06-21,2020-07-11,236
3599,50,3 wk ahead cum death,point,,2020-06-21,2020-07-11,60
3623,51,3 wk ahead cum death,point,,2020-06-21,2020-07-11,1860
3647,53,3 wk ahead cum death,point,,2020-06-21,2020-07-11,1444
3671,54,3 wk ahead cum death,point,,2020-06-21,2020-07-11,99
3695,55,3 wk ahead cum death,point,,2020-06-21,2020-07-11,885
3719,56,3 wk ahead cum death,point,,2020-06-21,2020-07-11,25
3743,US,3 wk ahead cum death,point,,2020-06-21,2020-07-11,164726
3767,01,4 wk ahead cum death,point,,2020-06-21,2020-07-18,1075
3791,02,4 wk ahead cum death,point,,2020-06-21,2020-07-18,16
3815,04,4 wk ahead cum death,point,,2020-06-21,2020-07-18,2109
3839,05,4 wk ahead cum death,point,,2020-06-21,2020-07-18,376
3863,06,4 wk ahead cum death,point,,2020-06-21,2020-07-18,7084
3887,08,4 wk ahead cum death,point,,2020-06-21,2020-07-18,1799
3911,09,4 wk ahead cum death,point,,2020-06-21,2020-07-18,4494
3935,10,4 wk ahead cum death,point,,2020-06-21,2020-07-18,488
3959,11,4 wk ahead cum death,point,,2020-06-21,2020-07-18,582
3983,12,4 wk ahead cum death,point,,2020-06-21,2020-07-18,4140
4007,13,4 wk ahead cum death,point,,2020-06-21,2020-07-18,3402
4031,15,4 wk ahead cum death,point,,2020-06-21,2020-07-18,20
4055,16,4 wk ahead cum death,point,,2020-06-21,2020-07-18,108
4079,17,4 wk ahead cum death,point,,2020-06-21,2020-07-18,7639
4103,18,4 wk ahead cum death,point,,2020-06-21,2020-07-18,2906
4127,19,4 wk ahead cum death,point,,2020-06-21,2020-07-18,812
4151,20,4 wk ahead cum death,point,,2020-06-21,2020-07-18,316
4175,21,4 wk ahead cum death,point,,2020-06-21,2020-07-18,612
4199,22,4 wk ahead cum death,point,,2020-06-21,2020-07-18,3341
4223,23,4 wk ahead cum death,point,,2020-06-21,2020-07-18,116
4247,24,4 wk ahead cum death,point,,2020-06-21,2020-07-18,3476
4271,25,4 wk ahead cum death,point,,2020-06-21,2020-07-18,8478
4295,26,4 wk ahead cum death,point,,2020-06-21,2020-07-18,6392
4319,27,4 wk ahead cum death,point,,2020-06-21,2020-07-18,1723
4343,28,4 wk ahead cum death,point,,2020-06-21,2020-07-18,1086
4367,29,4 wk ahead cum death,point,,2020-06-21,2020-07-18,1175
4391,30,4 wk ahead cum death,point,,2020-06-21,2020-07-18,23
4415,31,4 wk ahead cum death,point,,2020-06-21,2020-07-18,331
4439,32,4 wk ahead cum death,point,,2020-06-21,2020-07-18,566
4463,33,4 wk ahead cum death,point,,2020-06-21,2020-07-18,417
4487,34,4 wk ahead cum death,point,,2020-06-21,2020-07-18,13946
4511,35,4 wk ahead cum death,point,,2020-06-21,2020-07-18,536
4535,36,4 wk ahead cum death,point,,2020-06-21,2020-07-18,32870
4559,37,4 wk ahead cum death,point,,2020-06-21,2020-07-18,1549
4583,38,4 wk ahead cum death,point,,2020-06-21,2020-07-18,93
4607,39,4 wk ahead cum death,point,,2020-06-21,2020-07-18,3235
4631,40,4 wk ahead cum death,point,,2020-06-21,2020-07-18,421
4655,41,4 wk ahead cum death,point,,2020-06-21,2020-07-18,232
4679,42,4 wk ahead cum death,point,,2020-06-21,2020-07-18,7091
4703,44,4 wk ahead cum death,point,,2020-06-21,2020-07-18,980
4727,45,4 wk ahead cum death,point,,2020-06-21,2020-07-18,894
4751,46,4 wk ahead cum death,point,,2020-06-21,2020-07-18,111
4775,47,4 wk ahead cum death,point,,2020-06-21,2020-07-18,710
4799,48,4 wk ahead cum death,point,,2020-06-21,2020-07-18,2860
4823,49,4 wk ahead cum death,point,,2020-06-21,2020-07-18,246
4847,50,4 wk ahead cum death,point,,2020-06-21,2020-07-18,61
4871,51,4 wk ahead cum death,point,,2020-06-21,2020-07-18,1891
4895,53,4 wk ahead cum death,point,,2020-06-21,2020-07-18,1482
4919,54,4 wk ahead cum death,point,,2020-06-21,2020-07-18,101
4943,55,4 wk ahead cum death,point,,2020-06-21,2020-07-18,912
4967,56,4 wk ahead cum death,point,,2020-06-21,2020-07-18,25
4991,US,4 wk ahead cum death,point,,2020-06-21,2020-07-18,171192
23,01,1 wk ahead cum death,point,,2020-06-28,2020-07-04,998
47,02,1 wk ahead cum death,point,,2020-06-28,2020-07-04,15
71,04,1 wk ahead cum death,point,,2020-06-28,2020-07-04,1867
95,05,1 wk ahead cum death,point,,2020-06-28,2020-07-04,325
119,06,1 wk ahead cum death,point,,2020-06-28,2020-07-04,6502
143,08,1 wk ahead cum death,point,,2020-06-28,2020-07-04,1737
167,09,1 wk ahead cum death,point,,2020-06-28,2020-07-04,4399
191,10,1 wk ahead cum death,point,,2020-06-28,2020-07-04,533
215,11,1 wk ahead cum death,point,,2020-06-28,2020-07-04,569
239,12,1 wk ahead cum death,point,,2020-06-28,2020-07-04,3819
263,13,1 wk ahead cum death,point,,2020-06-28,2020-07-04,2991
287,15,1 wk ahead cum death,point,,2020-06-28,2020-07-04,19
311,16,1 wk ahead cum death,point,,2020-06-28,2020-07-04,102
335,17,1 wk ahead cum death,point,,2020-06-28,2020-07-04,7208
359,18,1 wk ahead cum death,point,,2020-06-28,2020-07-04,2727
383,19,1 wk ahead cum death,point,,2020-06-28,2020-07-04,762
407,20,1 wk ahead cum death,point,,2020-06-28,2020-07-04,296
431,21,1 wk ahead cum death,point,,2020-06-28,2020-07-04,589
455,22,1 wk ahead cum death,point,,2020-06-28,2020-07-04,3309
479,23,1 wk ahead cum death,point,,2020-06-28,2020-07-04,110
503,24,1 wk ahead cum death,point,,2020-06-28,2020-07-04,3296
527,25,1 wk ahead cum death,point,,2020-06-28,2020-07-04,8262
551,26,1 wk ahead cum death,point,,2020-06-28,2020-07-04,6285
575,27,1 wk ahead cum death,point,,2020-06-28,2020-07-04,1536
599,28,1 wk ahead cum death,point,,2020-06-28,2020-07-04,1117
623,29,1 wk ahead cum death,point,,2020-06-28,2020-07-04,1087
647,30,1 wk ahead cum death,point,,2020-06-28,2020-07-04,23
671,31,1 wk ahead cum death,point,,2020-06-28,2020-07-04,304
695,32,1 wk ahead cum death,point,,2020-06-28,2020-07-04,535
719,33,1 wk ahead cum death,point,,2020-06-28,2020-07-04,388
743,34,1 wk ahead cum death,point,,2020-06-28,2020-07-04,15431
767,35,1 wk ahead cum death,point,,2020-06-28,2020-07-04,524
791,36,1 wk ahead cum death,point,,2020-06-28,2020-07-04,32117
815,37,1 wk ahead cum death,point,,2020-06-28,2020-07-04,1481
839,38,1 wk ahead cum death,point,,2020-06-28,2020-07-04,85
863,39,1 wk ahead cum death,point,,2020-06-28,2020-07-04,2926
887,40,1 wk ahead cum death,point,,2020-06-28,2020-07-04,411
911,41,1 wk ahead cum death,point,,2020-06-28,2020-07-04,219
935,42,1 wk ahead cum death,point,,2020-06-28,2020-07-04,6806
959,44,1 wk ahead cum death,point,,2020-06-28,2020-07-04,970
983,45,1 wk ahead cum death,point,,2020-06-28,2020-07-04,791
1007,46,1 wk ahead cum death,point,,2020-06-28,2020-07-04,104
1031,47,1 wk ahead cum death,point,,2020-06-28,2020-07-04,665
1055,48,1 wk ahead cum death,point,,2020-06-28,2020-07-04,2736
1079,49,1 wk ahead cum death,point,,2020-06-28,2020-07-04,210
1103,50,1 wk ahead cum death,point,,2020-06-28,2020-07-04,58
1127,51,1 wk ahead cum death,point,,2020-06-28,2020-07-04,1853
1151,53,1 wk ahead cum death,point,,2020-06-28,2020-07-04,1372
1175,54,1 wk ahead cum death,point,,2020-06-28,2020-07-04,98
1199,55,1 wk ahead cum death,point,,2020-06-28,2020-07-04,832
1223,56,1 wk ahead cum death,point,,2020-06-28,2020-07-04,22
1247,US,1 wk ahead cum death,point,,2020-06-28,2020-07-04,130458
1271,01,2 wk ahead cum death,point,,2020-06-28,2020-07-11,1068
1295,02,2 wk ahead cum death,point,,2020-06-28,2020-07-11,17
1319,04,2 wk ahead cum death,point,,2020-06-28,2020-07-11,2140
1343,05,2 wk ahead cum death,point,,2020-06-28,2020-07-11,378
1367,06,2 wk ahead cum death,point,,2020-06-28,2020-07-11,6963
1391,08,2 wk ahead cum death,point,,2020-06-28,2020-07-11,1783
1415,09,2 wk ahead cum death,point,,2020-06-28,2020-07-11,4461
1439,10,2 wk ahead cum death,point,,2020-06-28,2020-07-11,560
1463,11,2 wk ahead cum death,point,,2020-06-28,2020-07-11,583
1487,12,2 wk ahead cum death,point,,2020-06-28,2020-07-11,4154
1511,13,2 wk ahead cum death,point,,2020-06-28,2020-07-11,3148
1535,15,2 wk ahead cum death,point,,2020-06-28,2020-07-11,21
1559,16,2 wk ahead cum death,point,,2020-06-28,2020-07-11,110
1583,17,2 wk ahead cum death,point,,2020-06-28,2020-07-11,7443
1607,18,2 wk ahead cum death,point,,2020-06-28,2020-07-11,2809
1631,19,2 wk ahead cum death,point,,2020-06-28,2020-07-11,804
1655,20,2 wk ahead cum death,point,,2020-06-28,2020-07-11,317
1679,21,2 wk ahead cum death,point,,2020-06-28,2020-07-11,615
1703,22,2 wk ahead cum death,point,,2020-06-28,2020-07-11,3392
1727,23,2 wk ahead cum death,point,,2020-06-28,2020-07-11,114
1751,24,2 wk ahead cum death,point,,2020-06-28,2020-07-11,3390
1775,25,2 wk ahead cum death,point,,2020-06-28,2020-07-11,8417
1799,26,2 wk ahead cum death,point,,2020-06-28,2020-07-11,6379
1823,27,2 wk ahead cum death,point,,2020-06-28,2020-07-11,1593
1847,28,2 wk ahead cum death,point,,2020-06-28,2020-07-11,1180
1871,29,2 wk ahead cum death,point,,2020-06-28,2020-07-11,1148
1895,30,2 wk ahead cum death,point,,2020-06-28,2020-07-11,25
1919,31,2 wk ahead cum death,point,,2020-06-28,2020-07-11,332
1943,32,2 wk ahead cum death,point,,2020-06-28,2020-07-11,560
1967,33,2 wk ahead cum death,point,,2020-06-28,2020-07-11,410
1991,34,2 wk ahead cum death,point,,2020-06-28,2020-07-11,16002
2015,35,2 wk ahead cum death,point,,2020-06-28,2020-07-11,549
2039,36,2 wk ahead cum death,point,,2020-06-28,2020-07-11,32647
2063,37,2 wk ahead cum death,point,,2020-06-28,2020-07-11,1581
2087,38,2 wk ahead cum death,point,,2020-06-28,2020-07-11,91
2111,39,2 wk ahead cum death,point,,2020-06-28,2020-07-11,3024
2135,40,2 wk ahead cum death,point,,2020-06-28,2020-07-11,431
2159,41,2 wk ahead cum death,point,,2020-06-28,2020-07-11,231
2183,42,2 wk ahead cum death,point,,2020-06-28,2020-07-11,6969
2207,44,2 wk ahead cum death,point,,2020-06-28,2020-07-11,1001
2231,45,2 wk ahead cum death,point,,2020-06-28,2020-07-11,853
2255,46,2 wk ahead cum death,point,,2020-06-28,2020-07-11,114
2279,47,2 wk ahead cum death,point,,2020-06-28,2020-07-11,726
2303,48,2 wk ahead cum death,point,,2020-06-28,2020-07-11,3012
2327,49,2 wk ahead cum death,point,,2020-06-28,2020-07-11,243
2351,50,2 wk ahead cum death,point,,2020-06-28,2020-07-11,59
2375,51,2 wk ahead cum death,point,,2020-06-28,2020-07-11,1943
2399,53,2 wk ahead cum death,point,,2020-06-28,2020-07-11,1418
2423,54,2 wk ahead cum death,point,,2020-06-28,2020-07-11,102
2447,55,2 wk ahead cum death,point,,2020-06-28,2020-07-11,872
2471,56,2 wk ahead cum death,point,,2020-06-28,2020-07-11,25
2495,US,2 wk ahead cum death,point,,2020-06-28,2020-07-11,134736
2519,01,3 wk ahead cum death,point,,2020-06-28,2020-07-18,1118
2543,02,3 wk ahead cum death,point,,2020-06-28,2020-07-18,17
2567,04,3 wk ahead cum death,point,,2020-06-28,2020-07-18,2357
2591,05,3 wk ahead cum death,point,,2020-06-28,2020-07-18,416
2615,06,3 wk ahead cum death,point,,2020-06-28,2020-07-18,7267
2639,08,3 wk ahead cum death,point,,2020-06-28,2020-07-18,1810
2663,09,3 wk ahead cum death,point,,2020-06-28,2020-07-18,4498
2687,10,3 wk ahead cum death,point,,2020-06-28,2020-07-18,580
2711,11,3 wk ahead cum death,point,,2020-06-28,2020-07-18,592
2735,12,3 wk ahead cum death,point,,2020-06-28,2020-07-18,4380
2759,13,3 wk ahead cum death,point,,2020-06-28,2020-07-18,3245
2783,15,3 wk ahead cum death,point,,2020-06-28,2020-07-18,21
2807,16,3 wk ahead cum death,point,,2020-06-28,2020-07-18,115
2831,17,3 wk ahead cum death,point,,2020-06-28,2020-07-18,7586
2855,18,3 wk ahead cum death,point,,2020-06-28,2020-07-18,2861
2879,19,3 wk ahead cum death,point,,2020-06-28,2020-07-18,829
2903,20,3 wk ahead cum death,point,,2020-06-28,2020-07-18,329
2927,21,3 wk ahead cum death,point,,2020-06-28,2020-07-18,632
2951,22,3 wk ahead cum death,point,,2020-06-28,2020-07-18,3444
2975,23,3 wk ahead cum death,point,,2020-06-28,2020-07-18,117
2999,24,3 wk ahead cum death,point,,2020-06-28,2020-07-18,3447
3023,25,3 wk ahead cum death,point,,2020-06-28,2020-07-18,8513
3047,26,3 wk ahead cum death,point,,2020-06-28,2020-07-18,6436
3071,27,3 wk ahead cum death,point,,2020-06-28,2020-07-18,1628
3095,28,3 wk ahead cum death,point,,2020-06-28,2020-07-18,1221
3119,29,3 wk ahead cum death,point,,2020-06-28,2020-07-18,1185
3143,30,3 wk ahead cum death,point,,2020-06-28,2020-07-18,27
3167,31,3 wk ahead cum death,point,,2020-06-28,2020-07-18,349
3191,32,3 wk ahead cum death,point,,2020-06-28,2020-07-18,576
3215,33,3 wk ahead cum death,point,,2020-06-28,2020-07-18,428
3239,34,3 wk ahead cum death,point,,2020-06-28,2020-07-18,16503
3263,35,3 wk ahead cum death,point,,2020-06-28,2020-07-18,565
3287,36,3 wk ahead cum death,point,,2020-06-28,2020-07-18,32968
3311,37,3 wk ahead cum death,point,,2020-06-28,2020-07-18,1643
3335,38,3 wk ahead cum death,point,,2020-06-28,2020-07-18,94
3359,39,3 wk ahead cum death,point,,2020-06-28,2020-07-18,3089
3383,40,3 wk ahead cum death,point,,2020-06-28,2020-07-18,442
3407,41,3 wk ahead cum death,point,,2020-06-28,2020-07-18,239
3431,42,3 wk ahead cum death,point,,2020-06-28,2020-07-18,7080
3455,44,3 wk ahead cum death,point,,2020-06-28,2020-07-18,1021
3479,45,3 wk ahead cum death,point,,2020-06-28,2020-07-18,893
3503,46,3 wk ahead cum death,point,,2020-06-28,2020-07-18,120
3527,47,3 wk ahead cum death,point,,2020-06-28,2020-07-18,762
3551,48,3 wk ahead cum death,point,,2020-06-28,2020-07-18,3200
3575,49,3 wk ahead cum death,point,,2020-06-28,2020-07-18,262
3599,50,3 wk ahead cum death,point,,2020-06-28,2020-07-18,61
3623,51,3 wk ahead cum death,point,,2020-06-28,2020-07-18,1997
3647,53,3 wk ahead cum death,point,,2020-06-28,2020-07-18,1446
3671,54,3 wk ahead cum death,point,,2020-06-28,2020-07-18,105
3695,55,3 wk ahead cum death,point,,2020-06-28,2020-07-18,897
3719,56,3 wk ahead cum death,point,,2020-06-28,2020-07-18,26
3743,US,3 wk ahead cum death,point,,2020-06-28,2020-07-18,137773
3767,01,4 wk ahead cum death,point,,2020-06-28,2020-07-25,1153
3791,02,4 wk ahead cum death,point,,2020-06-28,2020-07-25,18
3815,04,4 wk ahead cum death,point,,2020-06-28,2020-07-25,2524
3839,05,4 wk ahead cum death,point,,2020-06-28,2020-07-25,442
3863,06,4 wk ahead cum death,point,,2020-06-28,2020-07-25,7464
3887,08,4 wk ahead cum death,point,,2020-06-28,2020-07-25,1827
3911,09,4 wk ahead cum death,point,,2020-06-28,2020-07-25,4521
3935,10,4 wk ahead cum death,point,,2020-06-28,2020-07-25,593
3959,11,4 wk ahead cum death,point,,2020-06-28,2020-07-25,597
3983,12,4 wk ahead cum death,point,,2020-06-28,2020-07-25,4528
4007,13,4 wk ahead cum death,point,,2020-06-28,2020-07-25,3304
4031,15,4 wk ahead cum death,point,,2020-06-28,2020-07-25,22
4055,16,4 wk ahead cum death,point,,2020-06-28,2020-07-25,118
4079,17,4 wk ahead cum death,point,,2020-06-28,2020-07-25,7672
4103,18,4 wk ahead cum death,point,,2020-06-28,2020-07-25,2893
4127,19,4 wk ahead cum death,point,,2020-06-28,2020-07-25,845
4151,20,4 wk ahead cum death,point,,2020-06-28,2020-07-25,337
4175,21,4 wk ahead cum death,point,,2020-06-28,2020-07-25,643
4199,22,4 wk ahead cum death,point,,2020-06-28,2020-07-25,3477
4223,23,4 wk ahead cum death,point,,2020-06-28,2020-07-25,119
4247,24,4 wk ahead cum death,point,,2020-06-28,2020-07-25,3481
4271,25,4 wk ahead cum death,point,,2020-06-28,2020-07-25,8573
4295,26,4 wk ahead cum death,point,,2020-06-28,2020-07-25,6470
4319,27,4 wk ahead cum death,point,,2020-06-28,2020-07-25,1648
4343,28,4 wk ahead cum death,point,,2020-06-28,2020-07-25,1246
4367,29,4 wk ahead cum death,point,,2020-06-28,2020-07-25,1207
4391,30,4 wk ahead cum death,point,,2020-06-28,2020-07-25,28
4415,31,4 wk ahead cum death,point,,2020-06-28,2020-07-25,359
4439,32,4 wk ahead cum death,point,,2020-06-28,2020-07-25,586
4463,33,4 wk ahead cum death,point,,2020-06-28,2020-07-25,440
4487,34,4 wk ahead cum death,point,,2020-06-28,2020-07-25,16908
4511,35,4 wk ahead cum death,point,,2020-06-28,2020-07-25,575
4535,36,4 wk ahead cum death,point,,2020-06-28,2020-07-25,33163
4559,37,4 wk ahead cum death,point,,2020-06-28,2020-07-25,1682
4583,38,4 wk ahead cum death,point,,2020-06-28,2020-07-25,95
4607,39,4 wk ahead cum death,point,,2020-06-28,2020-07-25,3132
4631,40,4 wk ahead cum death,point,,2020-06-28,2020-07-25,450
4655,41,4 wk ahead cum death,point,,2020-06-28,2020-07-25,244
4679,42,4 wk ahead cum death,point,,2020-06-28,2020-07-25,7153
4703,44,4 wk ahead cum death,point,,2020-06-28,2020-07-25,1032
4727,45,4 wk ahead cum death,point,,2020-06-28,2020-07-25,919
4751,46,4 wk ahead cum death,point,,2020-06-28,2020-07-25,123
4775,47,4 wk ahead cum death,point,,2020-06-28,2020-07-25,784
4799,48,4 wk ahead cum death,point,,2020-06-28,2020-07-25,3325
4823,49,4 wk ahead cum death,point,,2020-06-28,2020-07-25,274
4847,50,4 wk ahead cum death,point,,2020-06-28,2020-07-25,61
4871,51,4 wk ahead cum death,point,,2020-06-28,2020-07-25,2030
4895,53,4 wk ahead cum death,point,,2020-06-28,2020-07-25,1462
4919,54,4 wk ahead cum death,point,,2020-06-28,2020-07-25,106
4943,55,4 wk ahead cum death,point,,2020-06-28,2020-07-25,912
4967,56,4 wk ahead cum death,point,,2020-06-28,2020-07-25,27
4991,US,4 wk ahead cum death,point,,2020-06-28,2020-07-25,139811
7,01,1 wk ahead cum death,point,,2020-07-05,2020-07-11,1127
15,02,1 wk ahead cum death,point,,2020-07-05,2020-07-11,18
23,04,1 wk ahead cum death,point,,2020-07-05,2020-07-11,2279
31,05,1 wk ahead cum death,point,,2020-07-05,2020-07-11,336
39,06,1 wk ahead cum death,point,,2020-07-05,2020-07-11,6937
47,08,1 wk ahead cum death,point,,2020-07-05,2020-07-11,1766
55,09,1 wk ahead cum death,point,,2020-07-05,2020-07-11,4419
63,10,1 wk ahead cum death,point,,2020-07-05,2020-07-11,567
71,11,1 wk ahead cum death,point,,2020-07-05,2020-07-11,578
79,12,1 wk ahead cum death,point,,2020-07-05,2020-07-11,4206
87,13,1 wk ahead cum death,point,,2020-07-05,2020-07-11,3054
95,15,1 wk ahead cum death,point,,2020-07-05,2020-07-11,21
103,16,1 wk ahead cum death,point,,2020-07-05,2020-07-11,109
111,17,1 wk ahead cum death,point,,2020-07-05,2020-07-11,7302
119,18,1 wk ahead cum death,point,,2020-07-05,2020-07-11,2785
127,19,1 wk ahead cum death,point,,2020-07-05,2020-07-11,784
135,20,1 wk ahead cum death,point,,2020-07-05,2020-07-11,316
143,21,1 wk ahead cum death,point,,2020-07-05,2020-07-11,620
151,22,1 wk ahead cum death,point,,2020-07-05,2020-07-11,3416
159,23,1 wk ahead cum death,point,,2020-07-05,2020-07-11,115
167,24,1 wk ahead cum death,point,,2020-07-05,2020-07-11,3376
175,25,1 wk ahead cum death,point,,2020-07-05,2020-07-11,8386
183,26,1 wk ahead cum death,point,,2020-07-05,2020-07-11,6352
191,27,1 wk ahead cum death,point,,2020-07-05,2020-07-11,1582
199,28,1 wk ahead cum death,point,,2020-07-05,2020-07-11,1179
207,29,1 wk ahead cum death,point,,2020-07-05,2020-07-11,1099
215,30,1 wk ahead cum death,point,,2020-07-05,2020-07-11,25
223,31,1 wk ahead cum death,point,,2020-07-05,2020-07-11,323
231,32,1 wk ahead cum death,point,,2020-07-05,2020-07-11,580
239,33,1 wk ahead cum death,point,,2020-07-05,2020-07-11,404
247,34,1 wk ahead cum death,point,,2020-07-05,2020-07-11,16547
255,35,1 wk ahead cum death,point,,2020-07-05,2020-07-11,542
263,36,1 wk ahead cum death,point,,2020-07-05,2020-07-11,32934
271,37,1 wk ahead cum death,point,,2020-07-05,2020-07-11,1571
279,38,1 wk ahead cum death,point,,2020-07-05,2020-07-11,87
287,39,1 wk ahead cum death,point,,2020-07-05,2020-07-11,3054
295,40,1 wk ahead cum death,point,,2020-07-05,2020-07-11,430
303,41,1 wk ahead cum death,point,,2020-07-05,2020-07-11,235
311,42,1 wk ahead cum death,point,,2020-07-05,2020-07-11,6948
319,44,1 wk ahead cum death,point,,2020-07-05,2020-07-11,992
327,45,1 wk ahead cum death,point,,2020-07-05,2020-07-11,926
335,46,1 wk ahead cum death,point,,2020-07-05,2020-07-11,111
343,47,1 wk ahead cum death,point,,2020-07-05,2020-07-11,751
351,48,1 wk ahead cum death,point,,2020-07-05,2020-07-11,3037
359,49,1 wk ahead cum death,point,,2020-07-05,2020-07-11,235
367,50,1 wk ahead cum death,point,,2020-07-05,2020-07-11,58
375,51,1 wk ahead cum death,point,,2020-07-05,2020-07-11,1984
383,53,1 wk ahead cum death,point,,2020-07-05,2020-07-11,1430
391,54,1 wk ahead cum death,point,,2020-07-05,2020-07-11,100
399,55,1 wk ahead cum death,point,,2020-07-05,2020-07-11,859
407,56,1 wk ahead cum death,point,,2020-07-05,2020-07-11,23
415,US,1 wk ahead cum death,point,,2020-07-05,2020-07-11,135877
423,01,2 wk ahead cum death,point,,2020-07-05,2020-07-18,1227
431,02,2 wk ahead cum death,point,,2020-07-05,2020-07-18,20
439,04,2 wk ahead cum death,point,,2020-07-05,2020-07-18,2662
447,05,2 wk ahead cum death,point,,2020-07-05,2020-07-18,372
455,06,2 wk ahead cum death,point,,2020-07-05,2020-07-18,7389
463,08,2 wk ahead cum death,point,,2020-07-05,2020-07-18,1814
471,09,2 wk ahead cum death,point,,2020-07-05,2020-07-18,4481
479,10,2 wk ahead cum death,point,,2020-07-05,2020-07-18,608
487,11,2 wk ahead cum death,point,,2020-07-05,2020-07-18,593
495,12,2 wk ahead cum death,point,,2020-07-05,2020-07-18,4630
503,13,2 wk ahead cum death,point,,2020-07-05,2020-07-18,3197
511,15,2 wk ahead cum death,point,,2020-07-05,2020-07-18,22
519,16,2 wk ahead cum death,point,,2020-07-05,2020-07-18,121
527,17,2 wk ahead cum death,point,,2020-07-05,2020-07-18,7509
535,18,2 wk ahead cum death,point,,2020-07-05,2020-07-18,2853
543,19,2 wk ahead cum death,point,,2020-07-05,2020-07-18,830
551,20,2 wk ahead cum death,point,,2020-07-05,2020-07-18,340
559,21,2 wk ahead cum death,point,,2020-07-05,2020-07-18,651
567,22,2 wk ahead cum death,point,,2020-07-05,2020-07-18,3510
575,23,2 wk ahead cum death,point,,2020-07-05,2020-07-18,120
583,24,2 wk ahead cum death,point,,2020-07-05,2020-07-18,3474
591,25,2 wk ahead cum death,point,,2020-07-05,2020-07-18,8535
599,26,2 wk ahead cum death,point,,2020-07-05,2020-07-18,6451
607,27,2 wk ahead cum death,point,,2020-07-05,2020-07-18,1637
615,28,2 wk ahead cum death,point,,2020-07-05,2020-07-18,1230
623,29,2 wk ahead cum death,point,,2020-07-05,2020-07-18,1136
631,30,2 wk ahead cum death,point,,2020-07-05,2020-07-18,27
639,31,2 wk ahead cum death,point,,2020-07-05,2020-07-18,352
647,32,2 wk ahead cum death,point,,2020-07-05,2020-07-18,614
655,33,2 wk ahead cum death,point,,2020-07-05,2020-07-18,422
663,34,2 wk ahead cum death,point,,2020-07-05,2020-07-18,17528
671,35,2 wk ahead cum death,point,,2020-07-05,2020-07-18,563
679,36,2 wk ahead cum death,point,,2020-07-05,2020-07-18,33471
687,37,2 wk ahead cum death,point,,2020-07-05,2020-07-18,1681
695,38,2 wk ahead cum death,point,,2020-07-05,2020-07-18,93
703,39,2 wk ahead cum death,point,,2020-07-05,2020-07-18,3162
711,40,2 wk ahead cum death,point,,2020-07-05,2020-07-18,454
719,41,2 wk ahead cum death,point,,2020-07-05,2020-07-18,251
727,42,2 wk ahead cum death,point,,2020-07-05,2020-07-18,7092
735,44,2 wk ahead cum death,point,,2020-07-05,2020-07-18,1017
743,45,2 wk ahead cum death,point,,2020-07-05,2020-07-18,1025
751,46,2 wk ahead cum death,point,,2020-07-05,2020-07-18,121
759,47,2 wk ahead cum death,point,,2020-07-05,2020-07-18,829
767,48,2 wk ahead cum death,point,,2020-07-05,2020-07-18,3337
775,49,2 wk ahead cum death,point,,2020-07-05,2020-07-18,273
783,50,2 wk ahead cum death,point,,2020-07-05,2020-07-18,60
791,51,2 wk ahead cum death,point,,2020-07-05,2020-07-18,2084
799,53,2 wk ahead cum death,point,,2020-07-05,2020-07-18,1482
807,54,2 wk ahead cum death,point,,2020-07-05,2020-07-18,105
815,55,2 wk ahead cum death,point,,2020-07-05,2020-07-18,906
823,56,2 wk ahead cum death,point,,2020-07-05,2020-07-18,25
831,US,2 wk ahead cum death,point,,2020-07-05,2020-07-18,140242
839,01,3 wk ahead cum death,point,,2020-07-05,2020-07-25,1295
847,02,3 wk ahead cum death,point,,2020-07-05,2020-07-25,22
855,04,3 wk ahead cum death,point,,2020-07-05,2020-07-25,2933
863,05,3 wk ahead cum death,point,,2020-07-05,2020-07-25,394
871,06,3 wk ahead cum death,point,,2020-07-05,2020-07-25,7685
879,08,3 wk ahead cum death,point,,2020-07-05,2020-07-25,1843
887,09,3 wk ahead cum death,point,,2020-07-05,2020-07-25,4519
895,10,3 wk ahead cum death,point,,2020-07-05,2020-07-25,633
903,11,3 wk ahead cum death,point,,2020-07-05,2020-07-25,602
911,12,3 wk ahead cum death,point,,2020-07-05,2020-07-25,4934
919,13,3 wk ahead cum death,point,,2020-07-05,2020-07-25,3283
927,15,3 wk ahead cum death,point,,2020-07-05,2020-07-25,23
935,16,3 wk ahead cum death,point,,2020-07-05,2020-07-25,128
943,17,3 wk ahead cum death,point,,2020-07-05,2020-07-25,7635
951,18,3 wk ahead cum death,point,,2020-07-05,2020-07-25,2894
959,19,3 wk ahead cum death,point,,2020-07-05,2020-07-25,858
967,20,3 wk ahead cum death,point,,2020-07-05,2020-07-25,355
975,21,3 wk ahead cum death,point,,2020-07-05,2020-07-25,672
983,22,3 wk ahead cum death,point,,2020-07-05,2020-07-25,3567
991,23,3 wk ahead cum death,point,,2020-07-05,2020-07-25,123
999,24,3 wk ahead cum death,point,,2020-07-05,2020-07-25,3534
1007,25,3 wk ahead cum death,point,,2020-07-05,2020-07-25,8626
1015,26,3 wk ahead cum death,point,,2020-07-05,2020-07-25,6511
1023,27,3 wk ahead cum death,point,,2020-07-05,2020-07-25,1670
1031,28,3 wk ahead cum death,point,,2020-07-05,2020-07-25,1261
1039,29,3 wk ahead cum death,point,,2020-07-05,2020-07-25,1161
1047,30,3 wk ahead cum death,point,,2020-07-05,2020-07-25,28
1055,31,3 wk ahead cum death,point,,2020-07-05,2020-07-25,370
1063,32,3 wk ahead cum death,point,,2020-07-05,2020-07-25,635
1071,33,3 wk ahead cum death,point,,2020-07-05,2020-07-25,432
1079,34,3 wk ahead cum death,point,,2020-07-05,2020-07-25,18122
1087,35,3 wk ahead cum death,point,,2020-07-05,2020-07-25,577
1095,36,3 wk ahead cum death,point,,2020-07-05,2020-07-25,33796
1103,37,3 wk ahead cum death,point,,2020-07-05,2020-07-25,1747
1111,38,3 wk ahead cum death,point,,2020-07-05,2020-07-25,96
1119,39,3 wk ahead cum death,point,,2020-07-05,2020-07-25,3228
1127,40,3 wk ahead cum death,point,,2020-07-05,2020-07-25,469
1135,41,3 wk ahead cum death,point,,2020-07-05,2020-07-25,260
1143,42,3 wk ahead cum death,point,,2020-07-05,2020-07-25,7180
1151,44,3 wk ahead cum death,point,,2020-07-05,2020-07-25,1034
1159,45,3 wk ahead cum death,point,,2020-07-05,2020-07-25,1096
1167,46,3 wk ahead cum death,point,,2020-07-05,2020-07-25,127
1175,47,3 wk ahead cum death,point,,2020-07-05,2020-07-25,876
1183,48,3 wk ahead cum death,point,,2020-07-05,2020-07-25,3519
1191,49,3 wk ahead cum death,point,,2020-07-05,2020-07-25,296
1199,50,3 wk ahead cum death,point,,2020-07-05,2020-07-25,61
1207,51,3 wk ahead cum death,point,,2020-07-05,2020-07-25,2146
1215,53,3 wk ahead cum death,point,,2020-07-05,2020-07-25,1514
1223,54,3 wk ahead cum death,point,,2020-07-05,2020-07-25,108
1231,55,3 wk ahead cum death,point,,2020-07-05,2020-07-25,934
1239,56,3 wk ahead cum death,point,,2020-07-05,2020-07-25,27
1247,US,3 wk ahead cum death,point,,2020-07-05,2020-07-25,142891
1255,01,4 wk ahead cum death,point,,2020-07-05,2020-08-01,1341
1263,02,4 wk ahead cum death,point,,2020-07-05,2020-08-01,23
1271,04,4 wk ahead cum death,point,,2020-07-05,2020-08-01,3123
1279,05,4 wk ahead cum death,point,,2020-07-05,2020-08-01,408
1287,06,4 wk ahead cum death,point,,2020-07-05,2020-08-01,7873
1295,08,4 wk ahead cum death,point,,2020-07-05,2020-08-01,1861
1303,09,4 wk ahead cum death,point,,2020-07-05,2020-08-01,4542
1311,10,4 wk ahead cum death,point,,2020-07-05,2020-08-01,648
1319,11,4 wk ahead cum death,point,,2020-07-05,2020-08-01,607
1327,12,4 wk ahead cum death,point,,2020-07-05,2020-08-01,5141
1335,13,4 wk ahead cum death,point,,2020-07-05,2020-08-01,3336
1343,15,4 wk ahead cum death,point,,2020-07-05,2020-08-01,24
1351,16,4 wk ahead cum death,point,,2020-07-05,2020-08-01,133
1359,17,4 wk ahead cum death,point,,2020-07-05,2020-08-01,7711
1367,18,4 wk ahead cum death,point,,2020-07-05,2020-08-01,2919
1375,19,4 wk ahead cum death,point,,2020-07-05,2020-08-01,875
1383,20,4 wk ahead cum death,point,,2020-07-05,2020-08-01,364
1391,21,4 wk ahead cum death,point,,2020-07-05,2020-08-01,686
1399,22,4 wk ahead cum death,point,,2020-07-05,2020-08-01,3602
1407,23,4 wk ahead cum death,point,,2020-07-05,2020-08-01,125
1415,24,4 wk ahead cum death,point,,2020-07-05,2020-08-01,3570
1423,25,4 wk ahead cum death,point,,2020-07-05,2020-08-01,8680
1431,26,4 wk ahead cum death,point,,2020-07-05,2020-08-01,6547
1439,27,4 wk ahead cum death,point,,2020-07-05,2020-08-01,1690
1447,28,4 wk ahead cum death,point,,2020-07-05,2020-08-01,1280
1455,29,4 wk ahead cum death,point,,2020-07-05,2020-08-01,1176
1463,30,4 wk ahead cum death,point,,2020-07-05,2020-08-01,29
1471,31,4 wk ahead cum death,point,,2020-07-05,2020-08-01,381
1479,32,4 wk ahead cum death,point,,2020-07-05,2020-08-01,648
1487,33,4 wk ahead cum death,point,,2020-07-05,2020-08-01,438
1495,34,4 wk ahead cum death,point,,2020-07-05,2020-08-01,18481
1503,35,4 wk ahead cum death,point,,2020-07-05,2020-08-01,585
1511,36,4 wk ahead cum death,point,,2020-07-05,2020-08-01,33994
1519,37,4 wk ahead cum death,point,,2020-07-05,2020-08-01,1787
1527,38,4 wk ahead cum death,point,,2020-07-05,2020-08-01,98
1535,39,4 wk ahead cum death,point,,2020-07-05,2020-08-01,3269
1543,40,4 wk ahead cum death,point,,2020-07-05,2020-08-01,478
1551,41,4 wk ahead cum death,point,,2020-07-05,2020-08-01,266
1559,42,4 wk ahead cum death,point,,2020-07-05,2020-08-01,7233
1567,44,4 wk ahead cum death,point,,2020-07-05,2020-08-01,1044
1575,45,4 wk ahead cum death,point,,2020-07-05,2020-08-01,1143
1583,46,4 wk ahead cum death,point,,2020-07-05,2020-08-01,131
1591,47,4 wk ahead cum death,point,,2020-07-05,2020-08-01,905
1599,48,4 wk ahead cum death,point,,2020-07-05,2020-08-01,3629
1607,49,4 wk ahead cum death,point,,2020-07-05,2020-08-01,310
1615,50,4 wk ahead cum death,point,,2020-07-05,2020-08-01,61
1623,51,4 wk ahead cum death,point,,2020-07-05,2020-08-01,2184
1631,53,4 wk ahead cum death,point,,2020-07-05,2020-08-01,1533
1639,54,4 wk ahead cum death,point,,2020-07-05,2020-08-01,110
1647,55,4 wk ahead cum death,point,,2020-07-05,2020-08-01,951
1655,56,4 wk ahead cum death,point,,2020-07-05,2020-08-01,28
1663,US,4 wk ahead cum death,point,,2020-07-05,2020-08-01,144499
1671,01,5 wk ahead cum death,point,,2020-07-05,2020-08-08,1372
1679,02,5 wk ahead cum death,point,,2020-07-05,2020-08-08,24
1687,04,5 wk ahead cum death,point,,2020-07-05,2020-08-08,3258
1695,05,5 wk ahead cum death,point,,2020-07-05,2020-08-08,416
1703,06,5 wk ahead cum death,point,,2020-07-05,2020-08-08,7993
1711,08,5 wk ahead cum death,point,,2020-07-05,2020-08-08,1872
1719,09,5 wk ahead cum death,point,,2020-07-05,2020-08-08,4555
1727,10,5 wk ahead cum death,point,,2020-07-05,2020-08-08,657
1735,11,5 wk ahead cum death,point,,2020-07-05,2020-08-08,610
1743,12,5 wk ahead cum death,point,,2020-07-05,2020-08-08,5279
1751,13,5 wk ahead cum death,point,,2020-07-05,2020-08-08,3367
1759,15,5 wk ahead cum death,point,,2020-07-05,2020-08-08,24
1767,16,5 wk ahead cum death,point,,2020-07-05,2020-08-08,135
1775,17,5 wk ahead cum death,point,,2020-07-05,2020-08-08,7757
1783,18,5 wk ahead cum death,point,,2020-07-05,2020-08-08,2934
1791,19,5 wk ahead cum death,point,,2020-07-05,2020-08-08,886
1799,20,5 wk ahead cum death,point,,2020-07-05,2020-08-08,369
1807,21,5 wk ahead cum death,point,,2020-07-05,2020-08-08,695
1815,22,5 wk ahead cum death,point,,2020-07-05,2020-08-08,3623
1823,23,5 wk ahead cum death,point,,2020-07-05,2020-08-08,126
1831,24,5 wk ahead cum death,point,,2020-07-05,2020-08-08,3592
1839,25,5 wk ahead cum death,point,,2020-07-05,2020-08-08,8714
1847,26,5 wk ahead cum death,point,,2020-07-05,2020-08-08,6569
1855,27,5 wk ahead cum death,point,,2020-07-05,2020-08-08,1702
1863,28,5 wk ahead cum death,point,,2020-07-05,2020-08-08,1292
1871,29,5 wk ahead cum death,point,,2020-07-05,2020-08-08,1186
1879,30,5 wk ahead cum death,point,,2020-07-05,2020-08-08,29
1887,31,5 wk ahead cum death,point,,2020-07-05,2020-08-08,387
1895,32,5 wk ahead cum death,point,,2020-07-05,2020-08-08,655
1903,33,5 wk ahead cum death,point,,2020-07-05,2020-08-08,442
1911,34,5 wk ahead cum death,point,,2020-07-05,2020-08-08,18698
1919,35,5 wk ahead cum death,point,,2020-07-05,2020-08-08,591
1927,36,5 wk ahead cum death,point,,2020-07-05,2020-08-08,34115
1935,37,5 wk ahead cum death,point,,2020-07-05,2020-08-08,1811
1943,38,5 wk ahead cum death,point,,2020-07-05,2020-08-08,99
1951,39,5 wk ahead cum death,point,,2020-07-05,2020-08-08,3294
1959,40,5 wk ahead cum death,point,,2020-07-05,2020-08-08,483
1967,41,5 wk ahead cum death,point,,2020-07-05,2020-08-08,269
1975,42,5 wk ahead cum death,point,,2020-07-05,2020-08-08,7265
1983,44,5 wk ahead cum death,point,,2020-07-05,2020-08-08,1050
1991,45,5 wk ahead cum death,point,,2020-07-05,2020-08-08,1175
1999,46,5 wk ahead cum death,point,,2020-07-05,2020-08-08,133
2007,47,5 wk ahead cum death,point,,2020-07-05,2020-08-08,922
2015,48,5 wk ahead cum death,point,,2020-07-05,2020-08-08,3696
2023,49,5 wk ahead cum death,point,,2020-07-05,2020-08-08,319
2031,50,5 wk ahead cum death,point,,2020-07-05,2020-08-08,62
2039,51,5 wk ahead cum death,point,,2020-07-05,2020-08-08,2207
2047,53,5 wk ahead cum death,point,,2020-07-05,2020-08-08,1544
2055,54,5 wk ahead cum death,point,,2020-07-05,2020-08-08,111
2063,55,5 wk ahead cum death,point,,2020-07-05,2020-08-08,961
2071,56,5 wk ahead cum death,point,,2020-07-05,2020-08-08,28
2079,US,5 wk ahead cum death,point,,2020-07-05,2020-08-08,145474
2087,01,6 wk ahead cum death,point,,2020-07-05,2020-08-15,1392
2095,02,6 wk ahead cum death,point,,2020-07-05,2020-08-15,25
2103,04,6 wk ahead cum death,point,,2020-07-05,2020-08-15,3352
2111,05,6 wk ahead cum death,point,,2020-07-05,2020-08-15,421
2119,06,6 wk ahead cum death,point,,2020-07-05,2020-08-15,8068
2127,08,6 wk ahead cum death,point,,2020-07-05,2020-08-15,1878
2135,09,6 wk ahead cum death,point,,2020-07-05,2020-08-15,4564
2143,10,6 wk ahead cum death,point,,2020-07-05,2020-08-15,662
2151,11,6 wk ahead cum death,point,,2020-07-05,2020-08-15,612
2159,12,6 wk ahead cum death,point,,2020-07-05,2020-08-15,5368
2167,13,6 wk ahead cum death,point,,2020-07-05,2020-08-15,3387
2175,15,6 wk ahead cum death,point,,2020-07-05,2020-08-15,24
2183,16,6 wk ahead cum death,point,,2020-07-05,2020-08-15,137
2191,17,6 wk ahead cum death,point,,2020-07-05,2020-08-15,7785
2199,18,6 wk ahead cum death,point,,2020-07-05,2020-08-15,2943
2207,19,6 wk ahead cum death,point,,2020-07-05,2020-08-15,892
2215,20,6 wk ahead cum death,point,,2020-07-05,2020-08-15,372
2223,21,6 wk ahead cum death,point,,2020-07-05,2020-08-15,701
2231,22,6 wk ahead cum death,point,,2020-07-05,2020-08-15,3636
2239,23,6 wk ahead cum death,point,,2020-07-05,2020-08-15,127
2247,24,6 wk ahead cum death,point,,2020-07-05,2020-08-15,3605
2255,25,6 wk ahead cum death,point,,2020-07-05,2020-08-15,8734
2263,26,6 wk ahead cum death,point,,2020-07-05,2020-08-15,6582
2271,27,6 wk ahead cum death,point,,2020-07-05,2020-08-15,1710
2279,28,6 wk ahead cum death,point,,2020-07-05,2020-08-15,1299
2287,29,6 wk ahead cum death,point,,2020-07-05,2020-08-15,1193
2295,30,6 wk ahead cum death,point,,2020-07-05,2020-08-15,29
2303,31,6 wk ahead cum death,point,,2020-07-05,2020-08-15,391
2311,32,6 wk ahead cum death,point,,2020-07-05,2020-08-15,660
2319,33,6 wk ahead cum death,point,,2020-07-05,2020-08-15,445
2327,34,6 wk ahead cum death,point,,2020-07-05,2020-08-15,18829
2335,35,6 wk ahead cum death,point,,2020-07-05,2020-08-15,594
2343,36,6 wk ahead cum death,point,,2020-07-05,2020-08-15,34188
2351,37,6 wk ahead cum death,point,,2020-07-05,2020-08-15,1826
2359,38,6 wk ahead cum death,point,,2020-07-05,2020-08-15,100
2367,39,6 wk ahead cum death,point,,2020-07-05,2020-08-15,3310
2375,40,6 wk ahead cum death,point,,2020-07-05,2020-08-15,486
2383,41,6 wk ahead cum death,point,,2020-07-05,2020-08-15,271
2391,42,6 wk ahead cum death,point,,2020-07-05,2020-08-15,7285
2399,44,6 wk ahead cum death,point,,2020-07-05,2020-08-15,1054
2407,45,6 wk ahead cum death,point,,2020-07-05,2020-08-15,1195
2415,46,6 wk ahead cum death,point,,2020-07-05,2020-08-15,135
2423,47,6 wk ahead cum death,point,,2020-07-05,2020-08-15,932
2431,48,6 wk ahead cum death,point,,2020-07-05,2020-08-15,3737
2439,49,6 wk ahead cum death,point,,2020-07-05,2020-08-15,324
2447,50,6 wk ahead cum death,point,,2020-07-05,2020-08-15,62
2455,51,6 wk ahead cum death,point,,2020-07-05,2020-08-15,2222
2463,53,6 wk ahead cum death,point,,2020-07-05,2020-08-15,1551
2471,54,6 wk ahead cum death,point,,2020-07-05,2020-08-15,111
2479,55,6 wk ahead cum death,point,,2020-07-05,2020-08-15,968
2487,56,6 wk ahead cum death,point,,2020-07-05,2020-08-15,29
2495,US,6 wk ahead cum death,point,,2020-07-05,2020-08-15,146066
2503,01,7 wk ahead cum death,point,,2020-07-05,2020-08-22,1406
2511,02,7 wk ahead cum death,point,,2020-07-05,2020-08-22,26
2519,04,7 wk ahead cum death,point,,2020-07-05,2020-08-22,3419
2527,05,7 wk ahead cum death,point,,2020-07-05,2020-08-22,424
2535,06,7 wk ahead cum death,point,,2020-07-05,2020-08-22,8115
2543,08,7 wk ahead cum death,point,,2020-07-05,2020-08-22,1882
2551,09,7 wk ahead cum death,point,,2020-07-05,2020-08-22,4569
2559,10,7 wk ahead cum death,point,,2020-07-05,2020-08-22,666
2567,11,7 wk ahead cum death,point,,2020-07-05,2020-08-22,614
2575,12,7 wk ahead cum death,point,,2020-07-05,2020-08-22,5425
2583,13,7 wk ahead cum death,point,,2020-07-05,2020-08-22,3398
2591,15,7 wk ahead cum death,point,,2020-07-05,2020-08-22,24
2599,16,7 wk ahead cum death,point,,2020-07-05,2020-08-22,138
2607,17,7 wk ahead cum death,point,,2020-07-05,2020-08-22,7802
2615,18,7 wk ahead cum death,point,,2020-07-05,2020-08-22,2949
2623,19,7 wk ahead cum death,point,,2020-07-05,2020-08-22,896
2631,20,7 wk ahead cum death,point,,2020-07-05,2020-08-22,374
2639,21,7 wk ahead cum death,point,,2020-07-05,2020-08-22,705
2647,22,7 wk ahead cum death,point,,2020-07-05,2020-08-22,3643
2655,23,7 wk ahead cum death,point,,2020-07-05,2020-08-22,127
2663,24,7 wk ahead cum death,point,,2020-07-05,2020-08-22,3613
2671,25,7 wk ahead cum death,point,,2020-07-05,2020-08-22,8746
2679,26,7 wk ahead cum death,point,,2020-07-05,2020-08-22,6590
2687,27,7 wk ahead cum death,point,,2020-07-05,2020-08-22,1714
2695,28,7 wk ahead cum death,point,,2020-07-05,2020-08-22,1303
2703,29,7 wk ahead cum death,point,,2020-07-05,2020-08-22,1197
2711,30,7 wk ahead cum death,point,,2020-07-05,2020-08-22,30
2719,31,7 wk ahead cum death,point,,2020-07-05,2020-08-22,394
2727,32,7 wk ahead cum death,point,,2020-07-05,2020-08-22,663
2735,33,7 wk ahead cum death,point,,2020-07-05,2020-08-22,446
2743,34,7 wk ahead cum death,point,,2020-07-05,2020-08-22,18909
2751,35,7 wk ahead cum death,point,,2020-07-05,2020-08-22,596
2759,36,7 wk ahead cum death,point,,2020-07-05,2020-08-22,34232
2767,37,7 wk ahead cum death,point,,2020-07-05,2020-08-22,1835
2775,38,7 wk ahead cum death,point,,2020-07-05,2020-08-22,101
2783,39,7 wk ahead cum death,point,,2020-07-05,2020-08-22,3319
2791,40,7 wk ahead cum death,point,,2020-07-05,2020-08-22,488
2799,41,7 wk ahead cum death,point,,2020-07-05,2020-08-22,273
2807,42,7 wk ahead cum death,point,,2020-07-05,2020-08-22,7297
2815,44,7 wk ahead cum death,point,,2020-07-05,2020-08-22,1057
2823,45,7 wk ahead cum death,point,,2020-07-05,2020-08-22,1207
2831,46,7 wk ahead cum death,point,,2020-07-05,2020-08-22,136
2839,47,7 wk ahead cum death,point,,2020-07-05,2020-08-22,939
2847,48,7 wk ahead cum death,point,,2020-07-05,2020-08-22,3761
2855,49,7 wk ahead cum death,point,,2020-07-05,2020-08-22,327
2863,50,7 wk ahead cum death,point,,2020-07-05,2020-08-22,62
2871,51,7 wk ahead cum death,point,,2020-07-05,2020-08-22,2230
2879,53,7 wk ahead cum death,point,,2020-07-05,2020-08-22,1556
2887,54,7 wk ahead cum death,point,,2020-07-05,2020-08-22,112
2895,55,7 wk ahead cum death,point,,2020-07-05,2020-08-22,971
2903,56,7 wk ahead cum death,point,,2020-07-05,2020-08-22,29
2911,US,7 wk ahead cum death,point,,2020-07-05,2020-08-22,146426
2919,01,8 wk ahead cum death,point,,2020-07-05,2020-08-29,1414
2927,02,8 wk ahead cum death,point,,2020-07-05,2020-08-29,26
2935,04,8 wk ahead cum death,point,,2020-07-05,2020-08-29,3466
2943,05,8 wk ahead cum death,point,,2020-07-05,2020-08-29,425
2951,06,8 wk ahead cum death,point,,2020-07-05,2020-08-29,8144
2959,08,8 wk ahead cum death,point,,2020-07-05,2020-08-29,1884
2967,09,8 wk ahead cum death,point,,2020-07-05,2020-08-29,4572
2975,10,8 wk ahead cum death,point,,2020-07-05,2020-08-29,668
2983,11,8 wk ahead cum death,point,,2020-07-05,2020-08-29,614
2991,12,8 wk ahead cum death,point,,2020-07-05,2020-08-29,5461
2999,13,8 wk ahead cum death,point,,2020-07-05,2020-08-29,3405
3007,15,8 wk ahead cum death,point,,2020-07-05,2020-08-29,24
3015,16,8 wk ahead cum death,point,,2020-07-05,2020-08-29,139
3023,17,8 wk ahead cum death,point,,2020-07-05,2020-08-29,7812
3031,18,8 wk ahead cum death,point,,2020-07-05,2020-08-29,2952
3039,19,8 wk ahead cum death,point,,2020-07-05,2020-08-29,898
3047,20,8 wk ahead cum death,point,,2020-07-05,2020-08-29,375
3055,21,8 wk ahead cum death,point,,2020-07-05,2020-08-29,708
3063,22,8 wk ahead cum death,point,,2020-07-05,2020-08-29,3648
3071,23,8 wk ahead cum death,point,,2020-07-05,2020-08-29,127
3079,24,8 wk ahead cum death,point,,2020-07-05,2020-08-29,3618
3087,25,8 wk ahead cum death,point,,2020-07-05,2020-08-29,8753
3095,26,8 wk ahead cum death,point,,2020-07-05,2020-08-29,6595
3103,27,8 wk ahead cum death,point,,2020-07-05,2020-08-29,1717
3111,28,8 wk ahead cum death,point,,2020-07-05,2020-08-29,1306
3119,29,8 wk ahead cum death,point,,2020-07-05,2020-08-29,1199
3127,30,8 wk ahead cum death,point,,2020-07-05,2020-08-29,30
3135,31,8 wk ahead cum death,point,,2020-07-05,2020-08-29,395
3143,32,8 wk ahead cum death,point,,2020-07-05,2020-08-29,665
3151,33,8 wk ahead cum death,point,,2020-07-05,2020-08-29,447
3159,34,8 wk ahead cum death,point,,2020-07-05,2020-08-29,18957
3167,35,8 wk ahead cum death,point,,2020-07-05,2020-08-29,597
3175,36,8 wk ahead cum death,point,,2020-07-05,2020-08-29,34259
3183,37,8 wk ahead cum death,point,,2020-07-05,2020-08-29,1841
3191,38,8 wk ahead cum death,point,,2020-07-05,2020-08-29,101
3199,39,8 wk ahead cum death,point,,2020-07-05,2020-08-29,3325
3207,40,8 wk ahead cum death,point,,2020-07-05,2020-08-29,489
3215,41,8 wk ahead cum death,point,,2020-07-05,2020-08-29,273
3223,42,8 wk ahead cum death,point,,2020-07-05,2020-08-29,7304
3231,44,8 wk ahead cum death,point,,2020-07-05,2020-08-29,1058
3239,45,8 wk ahead cum death,point,,2020-07-05,2020-08-29,1215
3247,46,8 wk ahead cum death,point,,2020-07-05,2020-08-29,136
3255,47,8 wk ahead cum death,point,,2020-07-05,2020-08-29,943
3263,48,8 wk ahead cum death,point,,2020-07-05,2020-08-29,3776
3271,49,8 wk ahead cum death,point,,2020-07-05,2020-08-29,329
3279,50,8 wk ahead cum death,point,,2020-07-05,2020-08-29,62
3287,51,8 wk ahead cum death,point,,2020-07-05,2020-08-29,2236
3295,53,8 wk ahead cum death,point,,2020-07-05,2020-08-29,1558
3303,54,8 wk ahead cum death,point,,2020-07-05,2020-08-29,112
3311,55,8 wk ahead cum death,point,,2020-07-05,2020-08-29,974
3319,56,8 wk ahead cum death,point,,2020-07-05,2020-08-29,29
3327,US,8 wk ahead cum death,point,,2020-07-05,2020-08-29,146644
7,01,1 wk ahead cum death,point,,2020-08-02,2020-08-08,1849
15,02,1 wk ahead cum death,point,,2020-08-02,2020-08-08,30
23,04,1 wk ahead cum death,point,,2020-08-02,2020-08-08,4349
31,05,1 wk ahead cum death,point,,2020-08-02,2020-08-08,553
39,06,1 wk ahead cum death,point,,2020-08-02,2020-08-08,10445
47,08,1 wk ahead cum death,point,,2020-08-02,2020-08-08,1937
55,09,1 wk ahead cum death,point,,2020-08-02,2020-08-08,4522
63,10,1 wk ahead cum death,point,,2020-08-02,2020-08-08,624
71,11,1 wk ahead cum death,point,,2020-08-02,2020-08-08,607
79,12,1 wk ahead cum death,point,,2020-08-02,2020-08-08,8190
87,13,1 wk ahead cum death,point,,2020-08-02,2020-08-08,4264
95,15,1 wk ahead cum death,point,,2020-08-02,2020-08-08,30
103,16,1 wk ahead cum death,point,,2020-08-02,2020-08-08,242
111,17,1 wk ahead cum death,point,,2020-08-02,2020-08-08,8069
119,18,1 wk ahead cum death,point,,2020-08-02,2020-08-08,3107
127,19,1 wk ahead cum death,point,,2020-08-02,2020-08-08,969
135,20,1 wk ahead cum death,point,,2020-08-02,2020-08-08,417
143,21,1 wk ahead cum death,point,,2020-08-02,2020-08-08,805
151,22,1 wk ahead cum death,point,,2020-08-02,2020-08-08,4263
159,23,1 wk ahead cum death,point,,2020-08-02,2020-08-08,130
167,24,1 wk ahead cum death,point,,2020-08-02,2020-08-08,3691
175,25,1 wk ahead cum death,point,,2020-08-02,2020-08-08,8858
183,26,1 wk ahead cum death,point,,2020-08-02,2020-08-08,6629
191,27,1 wk ahead cum death,point,,2020-08-02,2020-08-08,1764
199,28,1 wk ahead cum death,point,,2020-08-02,2020-08-08,1858
207,29,1 wk ahead cum death,point,,2020-08-02,2020-08-08,1385
215,30,1 wk ahead cum death,point,,2020-08-02,2020-08-08,73
223,31,1 wk ahead cum death,point,,2020-08-02,2020-08-08,385
231,32,1 wk ahead cum death,point,,2020-08-02,2020-08-08,955
239,33,1 wk ahead cum death,point,,2020-08-02,2020-08-08,429
247,34,1 wk ahead cum death,point,,2020-08-02,2020-08-08,16168
255,35,1 wk ahead cum death,point,,2020-08-02,2020-08-08,697
263,36,1 wk ahead cum death,point,,2020-08-02,2020-08-08,33475
271,37,1 wk ahead cum death,point,,2020-08-02,2020-08-08,2236
279,38,1 wk ahead cum death,point,,2020-08-02,2020-08-08,118
287,39,1 wk ahead cum death,point,,2020-08-02,2020-08-08,3722
295,40,1 wk ahead cum death,point,,2020-08-02,2020-08-08,629
303,41,1 wk ahead cum death,point,,2020-08-02,2020-08-08,366
311,42,1 wk ahead cum death,point,,2020-08-02,2020-08-08,7447
319,44,1 wk ahead cum death,point,,2020-08-02,2020-08-08,1043
327,45,1 wk ahead cum death,point,,2020-08-02,2020-08-08,2142
335,46,1 wk ahead cum death,point,,2020-08-02,2020-08-08,152
343,47,1 wk ahead cum death,point,,2020-08-02,2020-08-08,1299
351,48,1 wk ahead cum death,point,,2020-08-02,2020-08-08,7871
359,49,1 wk ahead cum death,point,,2020-08-02,2020-08-08,394
367,50,1 wk ahead cum death,point,,2020-08-02,2020-08-08,59
375,51,1 wk ahead cum death,point,,2020-08-02,2020-08-08,2400
383,53,1 wk ahead cum death,point,,2020-08-02,2020-08-08,1712
391,54,1 wk ahead cum death,point,,2020-08-02,2020-08-08,131
399,55,1 wk ahead cum death,point,,2020-08-02,2020-08-08,1059
407,56,1 wk ahead cum death,point,,2020-08-02,2020-08-08,31
415,US,1 wk ahead cum death,point,,2020-08-02,2020-08-08,162347
423,01,2 wk ahead cum death,point,,2020-08-02,2020-08-15,2028
431,02,2 wk ahead cum death,point,,2020-08-02,2020-08-15,36
439,04,2 wk ahead cum death,point,,2020-08-02,2020-08-15,4873
447,05,2 wk ahead cum death,point,,2020-08-02,2020-08-15,619
455,06,2 wk ahead cum death,point,,2020-08-02,2020-08-15,11231
463,08,2 wk ahead cum death,point,,2020-08-02,2020-08-15,2006
471,09,2 wk ahead cum death,point,,2020-08-02,2020-08-15,4589
479,10,2 wk ahead cum death,point,,2020-08-02,2020-08-15,653
487,11,2 wk ahead cum death,point,,2020-08-02,2020-08-15,623
495,12,2 wk ahead cum death,point,,2020-08-02,2020-08-15,9205
503,13,2 wk ahead cum death,point,,2020-08-02,2020-08-15,4634
511,15,2 wk ahead cum death,point,,2020-08-02,2020-08-15,34
519,16,2 wk ahead cum death,point,,2020-08-02,2020-08-15,279
527,17,2 wk ahead cum death,point,,2020-08-02,2020-08-15,8331
535,18,2 wk ahead cum death,point,,2020-08-02,2020-08-15,3205
543,19,2 wk ahead cum death,point,,2020-08-02,2020-08-15,1036
551,20,2 wk ahead cum death,point,,2020-08-02,2020-08-15,458
559,21,2 wk ahead cum death,point,,2020-08-02,2020-08-15,851
567,22,2 wk ahead cum death,point,,2020-08-02,2020-08-15,4486
575,23,2 wk ahead cum death,point,,2020-08-02,2020-08-15,136
583,24,2 wk ahead cum death,point,,2020-08-02,2020-08-15,3821
591,25,2 wk ahead cum death,point,,2020-08-02,2020-08-15,9019
599,26,2 wk ahead cum death,point,,2020-08-02,2020-08-15,6756
607,27,2 wk ahead cum death,point,,2020-08-02,2020-08-15,1846
615,28,2 wk ahead cum death,point,,2020-08-02,2020-08-15,2027
623,29,2 wk ahead cum death,point,,2020-08-02,2020-08-15,1469
631,30,2 wk ahead cum death,point,,2020-08-02,2020-08-15,86
639,31,2 wk ahead cum death,point,,2020-08-02,2020-08-15,425
647,32,2 wk ahead cum death,point,,2020-08-02,2020-08-15,1058
655,33,2 wk ahead cum death,point,,2020-08-02,2020-08-15,438
663,34,2 wk ahead cum death,point,,2020-08-02,2020-08-15,16413
671,35,2 wk ahead cum death,point,,2020-08-02,2020-08-15,730
679,36,2 wk ahead cum death,point,,2020-08-02,2020-08-15,34038
687,37,2 wk ahead cum death,point,,2020-08-02,2020-08-15,2422
695,38,2 wk ahead cum death,point,,2020-08-02,2020-08-15,128
703,39,2 wk ahead cum death,point,,2020-08-02,2020-08-15,3880
711,40,2 wk ahead cum death,point,,2020-08-02,2020-08-15,689
719,41,2 wk ahead cum death,point,,2020-08-02,2020-08-15,398
727,42,2 wk ahead cum death,point,,2020-08-02,2020-08-15,7612
735,44,2 wk ahead cum death,point,,2020-08-02,2020-08-15,1069
743,45,2 wk ahead cum death,point,,2020-08-02,2020-08-15,2447
751,46,2 wk ahead cum death,point,,2020-08-02,2020-08-15,166
759,47,2 wk ahead cum death,point,,2020-08-02,2020-08-15,1465
767,48,2 wk ahead cum death,point,,2020-08-02,2020-08-15,8710
775,49,2 wk ahead cum death,point,,2020-08-02,2020-08-15,455
783,50,2 wk ahead cum death,point,,2020-08-02,2020-08-15,61
791,51,2 wk ahead cum death,point,,2020-08-02,2020-08-15,2535
799,53,2 wk ahead cum death,point,,2020-08-02,2020-08-15,1797
807,54,2 wk ahead cum death,point,,2020-08-02,2020-08-15,141
815,55,2 wk ahead cum death,point,,2020-08-02,2020-08-15,1141
823,56,2 wk ahead cum death,point,,2020-08-02,2020-08-15,35
831,US,2 wk ahead cum death,point,,2020-08-02,2020-08-15,168389
839,01,3 wk ahead cum death,point,,2020-08-02,2020-08-22,2148
847,02,3 wk ahead cum death,point,,2020-08-02,2020-08-22,39
855,04,3 wk ahead cum death,point,,2020-08-02,2020-08-22,5268
863,05,3 wk ahead cum death,point,,2020-08-02,2020-08-22,659
871,06,3 wk ahead cum death,point,,2020-08-02,2020-08-22,11716
879,08,3 wk ahead cum death,point,,2020-08-02,2020-08-22,2048
887,09,3 wk ahead cum death,point,,2020-08-02,2020-08-22,4629
895,10,3 wk ahead cum death,point,,2020-08-02,2020-08-22,671
903,11,3 wk ahead cum death,point,,2020-08-02,2020-08-22,634
911,12,3 wk ahead cum death,point,,2020-08-02,2020-08-22,9976
919,13,3 wk ahead cum death,point,,2020-08-02,2020-08-22,4904
927,15,3 wk ahead cum death,point,,2020-08-02,2020-08-22,36
935,16,3 wk ahead cum death,point,,2020-08-02,2020-08-22,303
943,17,3 wk ahead cum death,point,,2020-08-02,2020-08-22,8489
951,18,3 wk ahead cum death,point,,2020-08-02,2020-08-22,3264
959,19,3 wk ahead cum death,point,,2020-08-02,2020-08-22,1077
967,20,3 wk ahead cum death,point,,2020-08-02,2020-08-22,484
975,21,3 wk ahead cum death,point,,2020-08-02,2020-08-22,880
983,22,3 wk ahead cum death,point,,2020-08-02,2020-08-22,4648
991,23,3 wk ahead cum death,point,,2020-08-02,2020-08-22,139
999,24,3 wk ahead cum death,point,,2020-08-02,2020-08-22,3899
1007,25,3 wk ahead cum death,point,,2020-08-02,2020-08-22,9117
1015,26,3 wk ahead cum death,point,,2020-08-02,2020-08-22,6833
1023,27,3 wk ahead cum death,point,,2020-08-02,2020-08-22,1895
1031,28,3 wk ahead cum death,point,,2020-08-02,2020-08-22,2169
1039,29,3 wk ahead cum death,point,,2020-08-02,2020-08-22,1522
1047,30,3 wk ahead cum death,point,,2020-08-02,2020-08-22,97
1055,31,3 wk ahead cum death,point,,2020-08-02,2020-08-22,449
1063,32,3 wk ahead cum death,point,,2020-08-02,2020-08-22,1130
1071,33,3 wk ahead cum death,point,,2020-08-02,2020-08-22,444
1079,34,3 wk ahead cum death,point,,2020-08-02,2020-08-22,16561
1087,35,3 wk ahead cum death,point,,2020-08-02,2020-08-22,752
1095,36,3 wk ahead cum death,point,,2020-08-02,2020-08-22,34379
1103,37,3 wk ahead cum death,point,,2020-08-02,2020-08-22,2535
1111,38,3 wk ahead cum death,point,,2020-08-02,2020-08-22,134
1119,39,3 wk ahead cum death,point,,2020-08-02,2020-08-22,3983
1127,40,3 wk ahead cum death,point,,2020-08-02,2020-08-22,726
1135,41,3 wk ahead cum death,point,,2020-08-02,2020-08-22,419
1143,42,3 wk ahead cum death,point,,2020-08-02,2020-08-22,7712
1151,44,3 wk ahead cum death,point,,2020-08-02,2020-08-22,1086
1159,45,3 wk ahead cum death,point,,2020-08-02,2020-08-22,2657
1167,46,3 wk ahead cum death,point,,2020-08-02,2020-08-22,173
1175,47,3 wk ahead cum death,point,,2020-08-02,2020-08-22,1565
1183,48,3 wk ahead cum death,point,,2020-08-02,2020-08-22,9278
1191,49,3 wk ahead cum death,point,,2020-08-02,2020-08-22,493
1199,50,3 wk ahead cum death,point,,2020-08-02,2020-08-22,63
1207,51,3 wk ahead cum death,point,,2020-08-02,2020-08-22,2616
1215,53,3 wk ahead cum death,point,,2020-08-02,2020-08-22,1849
1223,54,3 wk ahead cum death,point,,2020-08-02,2020-08-22,147
1231,55,3 wk ahead cum death,point,,2020-08-02,2020-08-22,1190
1239,56,3 wk ahead cum death,point,,2020-08-02,2020-08-22,38
1247,US,3 wk ahead cum death,point,,2020-08-02,2020-08-22,172310
1255,01,4 wk ahead cum death,point,,2020-08-02,2020-08-29,2228
1263,02,4 wk ahead cum death,point,,2020-08-02,2020-08-29,40
1271,04,4 wk ahead cum death,point,,2020-08-02,2020-08-29,5565
1279,05,4 wk ahead cum death,point,,2020-08-02,2020-08-29,683
1287,06,4 wk ahead cum death,point,,2020-08-02,2020-08-29,12013
1295,08,4 wk ahead cum death,point,,2020-08-02,2020-08-29,2073
1303,09,4 wk ahead cum death,point,,2020-08-02,2020-08-29,4654
1311,10,4 wk ahead cum death,point,,2020-08-02,2020-08-29,682
1319,11,4 wk ahead cum death,point,,2020-08-02,2020-08-29,640
1327,12,4 wk ahead cum death,point,,2020-08-02,2020-08-29,10558
1335,13,4 wk ahead cum death,point,,2020-08-02,2020-08-29,5101
1343,15,4 wk ahead cum death,point,,2020-08-02,2020-08-29,37
1351,16,4 wk ahead cum death,point,,2020-08-02,2020-08-29,318
1359,17,4 wk ahead cum death,point,,2020-08-02,2020-08-29,8585
1367,18,4 wk ahead cum death,point,,2020-08-02,2020-08-29,3299
1375,19,4 wk ahead cum death,point,,2020-08-02,2020-08-29,1102
1383,20,4 wk ahead cum death,point,,2020-08-02,2020-08-29,499
1391,21,4 wk ahead cum death,point,,2020-08-02,2020-08-29,897
1399,22,4 wk ahead cum death,point,,2020-08-02,2020-08-29,4766
1407,23,4 wk ahead cum death,point,,2020-08-02,2020-08-29,141
1415,24,4 wk ahead cum death,point,,2020-08-02,2020-08-29,3947
1423,25,4 wk ahead cum death,point,,2020-08-02,2020-08-29,9177
1431,26,4 wk ahead cum death,point,,2020-08-02,2020-08-29,6880
1439,27,4 wk ahead cum death,point,,2020-08-02,2020-08-29,1925
1447,28,4 wk ahead cum death,point,,2020-08-02,2020-08-29,2283
1455,29,4 wk ahead cum death,point,,2020-08-02,2020-08-29,1555
1463,30,4 wk ahead cum death,point,,2020-08-02,2020-08-29,105
1471,31,4 wk ahead cum death,point,,2020-08-02,2020-08-29,463
1479,32,4 wk ahead cum death,point,,2020-08-02,2020-08-29,1180
1487,33,4 wk ahead cum death,point,,2020-08-02,2020-08-29,447
1495,34,4 wk ahead cum death,point,,2020-08-02,2020-08-29,16651
1503,35,4 wk ahead cum death,point,,2020-08-02,2020-08-29,766
1511,36,4 wk ahead cum death,point,,2020-08-02,2020-08-29,34585
1519,37,4 wk ahead cum death,point,,2020-08-02,2020-08-29,2604
1527,38,4 wk ahead cum death,point,,2020-08-02,2020-08-29,138
1535,39,4 wk ahead cum death,point,,2020-08-02,2020-08-29,4048
1543,40,4 wk ahead cum death,point,,2020-08-02,2020-08-29,748
1551,41,4 wk ahead cum death,point,,2020-08-02,2020-08-29,432
1559,42,4 wk ahead cum death,point,,2020-08-02,2020-08-29,7772
1567,44,4 wk ahead cum death,point,,2020-08-02,2020-08-29,1095
1575,45,4 wk ahead cum death,point,,2020-08-02,2020-08-29,2801
1583,46,4 wk ahead cum death,point,,2020-08-02,2020-08-29,178
1591,47,4 wk ahead cum death,point,,2020-08-02,2020-08-29,1626
1599,48,4 wk ahead cum death,point,,2020-08-02,2020-08-29,9655
1607,49,4 wk ahead cum death,point,,2020-08-02,2020-08-29,515
1615,50,4 wk ahead cum death,point,,2020-08-02,2020-08-29,63
1623,51,4 wk ahead cum death,point,,2020-08-02,2020-08-29,2666
1631,53,4 wk ahead cum death,point,,2020-08-02,2020-08-29,1880
1639,54,4 wk ahead cum death,point,,2020-08-02,2020-08-29,151
1647,55,4 wk ahead cum death,point,,2020-08-02,2020-08-29,1220
1655,56,4 wk ahead cum death,point,,2020-08-02,2020-08-29,40
1663,US,4 wk ahead cum death,point,,2020-08-02,2020-08-29,174793
7,01,1 wk ahead cum death,point,,2020-08-09,2020-08-15,1972
15,02,1 wk ahead cum death,point,,2020-08-09,2020-08-15,33
23,04,1 wk ahead cum death,point,,2020-08-09,2020-08-15,4625
31,05,1 wk ahead cum death,point,,2020-08-09,2020-08-15,644
39,06,1 wk ahead cum death,point,,2020-08-09,2020-08-15,11518
47,08,1 wk ahead cum death,point,,2020-08-09,2020-08-15,1957
55,09,1 wk ahead cum death,point,,2020-08-09,2020-08-15,4532
63,10,1 wk ahead cum death,point,,2020-08-09,2020-08-15,621
71,11,1 wk ahead cum death,point,,2020-08-09,2020-08-15,615
79,12,1 wk ahead cum death,point,,2020-08-09,2020-08-15,9423
87,13,1 wk ahead cum death,point,,2020-08-09,2020-08-15,4637
95,15,1 wk ahead cum death,point,,2020-08-09,2020-08-15,38
103,16,1 wk ahead cum death,point,,2020-08-09,2020-08-15,292
111,17,1 wk ahead cum death,point,,2020-08-09,2020-08-15,8225
119,18,1 wk ahead cum death,point,,2020-08-09,2020-08-15,3186
127,19,1 wk ahead cum death,point,,2020-08-09,2020-08-15,1028
135,20,1 wk ahead cum death,point,,2020-08-09,2020-08-15,441
143,21,1 wk ahead cum death,point,,2020-08-09,2020-08-15,843
151,22,1 wk ahead cum death,point,,2020-08-09,2020-08-15,4534
159,23,1 wk ahead cum death,point,,2020-08-09,2020-08-15,132
167,24,1 wk ahead cum death,point,,2020-08-09,2020-08-15,3771
175,25,1 wk ahead cum death,point,,2020-08-09,2020-08-15,8960
183,26,1 wk ahead cum death,point,,2020-08-09,2020-08-15,6701
191,27,1 wk ahead cum death,point,,2020-08-09,2020-08-15,1818
199,28,1 wk ahead cum death,point,,2020-08-09,2020-08-15,2144
207,29,1 wk ahead cum death,point,,2020-08-09,2020-08-15,1454
215,30,1 wk ahead cum death,point,,2020-08-09,2020-08-15,95
223,31,1 wk ahead cum death,point,,2020-08-09,2020-08-15,402
231,32,1 wk ahead cum death,point,,2020-08-09,2020-08-15,1083
239,33,1 wk ahead cum death,point,,2020-08-09,2020-08-15,431
247,34,1 wk ahead cum death,point,,2020-08-09,2020-08-15,16211
255,35,1 wk ahead cum death,point,,2020-08-09,2020-08-15,728
263,36,1 wk ahead cum death,point,,2020-08-09,2020-08-15,33548
271,37,1 wk ahead cum death,point,,2020-08-09,2020-08-15,2466
279,38,1 wk ahead cum death,point,,2020-08-09,2020-08-15,127
287,39,1 wk ahead cum death,point,,2020-08-09,2020-08-15,3870
295,40,1 wk ahead cum death,point,,2020-08-09,2020-08-15,692
303,41,1 wk ahead cum death,point,,2020-08-09,2020-08-15,399
311,42,1 wk ahead cum death,point,,2020-08-09,2020-08-15,7545
319,44,1 wk ahead cum death,point,,2020-08-09,2020-08-15,1051
327,45,1 wk ahead cum death,point,,2020-08-09,2020-08-15,2350
335,46,1 wk ahead cum death,point,,2020-08-09,2020-08-15,165
343,47,1 wk ahead cum death,point,,2020-08-09,2020-08-15,1473
351,48,1 wk ahead cum death,point,,2020-08-09,2020-08-15,10460
359,49,1 wk ahead cum death,point,,2020-08-09,2020-08-15,425
367,50,1 wk ahead cum death,point,,2020-08-09,2020-08-15,60
375,51,1 wk ahead cum death,point,,2020-08-09,2020-08-15,2525
383,53,1 wk ahead cum death,point,,2020-08-09,2020-08-15,1813
391,54,1 wk ahead cum death,point,,2020-08-09,2020-08-15,155
399,55,1 wk ahead cum death,point,,2020-08-09,2020-08-15,1120
407,56,1 wk ahead cum death,point,,2020-08-09,2020-08-15,34
415,US,1 wk ahead cum death,point,,2020-08-09,2020-08-15,170704
423,01,2 wk ahead cum death,point,,2020-08-09,2020-08-22,2123
431,02,2 wk ahead cum death,point,,2020-08-09,2020-08-22,39
439,04,2 wk ahead cum death,point,,2020-08-09,2020-08-22,5027
447,05,2 wk ahead cum death,point,,2020-08-09,2020-08-22,718
455,06,2 wk ahead cum death,point,,2020-08-09,2020-08-22,12379
463,08,2 wk ahead cum death,point,,2020-08-09,2020-08-22,2029
471,09,2 wk ahead cum death,point,,2020-08-09,2020-08-22,4599
479,10,2 wk ahead cum death,point,,2020-08-09,2020-08-22,643
487,11,2 wk ahead cum death,point,,2020-08-09,2020-08-22,633
495,12,2 wk ahead cum death,point,,2020-08-09,2020-08-22,10539
503,13,2 wk ahead cum death,point,,2020-08-09,2020-08-22,4961
511,15,2 wk ahead cum death,point,,2020-08-09,2020-08-22,44
519,16,2 wk ahead cum death,point,,2020-08-09,2020-08-22,335
527,17,2 wk ahead cum death,point,,2020-08-09,2020-08-22,8504
535,18,2 wk ahead cum death,point,,2020-08-09,2020-08-22,3293
543,19,2 wk ahead cum death,point,,2020-08-09,2020-08-22,1100
551,20,2 wk ahead cum death,point,,2020-08-09,2020-08-22,487
559,21,2 wk ahead cum death,point,,2020-08-09,2020-08-22,895
567,22,2 wk ahead cum death,point,,2020-08-09,2020-08-22,4754
575,23,2 wk ahead cum death,point,,2020-08-09,2020-08-22,138
583,24,2 wk ahead cum death,point,,2020-08-09,2020-08-22,3908
591,25,2 wk ahead cum death,point,,2020-08-09,2020-08-22,9125
599,26,2 wk ahead cum death,point,,2020-08-09,2020-08-22,6835
607,27,2 wk ahead cum death,point,,2020-08-09,2020-08-22,1907
615,28,2 wk ahead cum death,point,,2020-08-09,2020-08-22,2364
623,29,2 wk ahead cum death,point,,2020-08-09,2020-08-22,1543
631,30,2 wk ahead cum death,point,,2020-08-09,2020-08-22,111
639,31,2 wk ahead cum death,point,,2020-08-09,2020-08-22,444
647,32,2 wk ahead cum death,point,,2020-08-09,2020-08-22,1197
655,33,2 wk ahead cum death,point,,2020-08-09,2020-08-22,441
663,34,2 wk ahead cum death,point,,2020-08-09,2020-08-22,16459
671,35,2 wk ahead cum death,point,,2020-08-09,2020-08-22,761
679,36,2 wk ahead cum death,point,,2020-08-09,2020-08-22,34117
687,37,2 wk ahead cum death,point,,2020-08-09,2020-08-22,2667
695,38,2 wk ahead cum death,point,,2020-08-09,2020-08-22,138
703,39,2 wk ahead cum death,point,,2020-08-09,2020-08-22,4021
711,40,2 wk ahead cum death,point,,2020-08-09,2020-08-22,757
719,41,2 wk ahead cum death,point,,2020-08-09,2020-08-22,432
727,42,2 wk ahead cum death,point,,2020-08-09,2020-08-22,7717
735,44,2 wk ahead cum death,point,,2020-08-09,2020-08-22,1079
743,45,2 wk ahead cum death,point,,2020-08-09,2020-08-22,2619
751,46,2 wk ahead cum death,point,,2020-08-09,2020-08-22,179
759,47,2 wk ahead cum death,point,,2020-08-09,2020-08-22,1657
767,48,2 wk ahead cum death,point,,2020-08-09,2020-08-22,11711
775,49,2 wk ahead cum death,point,,2020-08-09,2020-08-22,490
783,50,2 wk ahead cum death,point,,2020-08-09,2020-08-22,62
791,51,2 wk ahead cum death,point,,2020-08-09,2020-08-22,2671
799,53,2 wk ahead cum death,point,,2020-08-09,2020-08-22,1905
807,54,2 wk ahead cum death,point,,2020-08-09,2020-08-22,170
815,55,2 wk ahead cum death,point,,2020-08-09,2020-08-22,1210
823,56,2 wk ahead cum death,point,,2020-08-09,2020-08-22,38
831,US,2 wk ahead cum death,point,,2020-08-09,2020-08-22,176731
839,01,3 wk ahead cum death,point,,2020-08-09,2020-08-29,2214
847,02,3 wk ahead cum death,point,,2020-08-09,2020-08-29,42
855,04,3 wk ahead cum death,point,,2020-08-09,2020-08-29,5311
863,05,3 wk ahead cum death,point,,2020-08-09,2020-08-29,763
871,06,3 wk ahead cum death,point,,2020-08-09,2020-08-29,12914
879,08,3 wk ahead cum death,point,,2020-08-09,2020-08-29,2073
887,09,3 wk ahead cum death,point,,2020-08-09,2020-08-29,4640
895,10,3 wk ahead cum death,point,,2020-08-09,2020-08-29,656
903,11,3 wk ahead cum death,point,,2020-08-09,2020-08-29,644
911,12,3 wk ahead cum death,point,,2020-08-09,2020-08-29,11378
919,13,3 wk ahead cum death,point,,2020-08-09,2020-08-29,5158
927,15,3 wk ahead cum death,point,,2020-08-09,2020-08-29,47
935,16,3 wk ahead cum death,point,,2020-08-09,2020-08-29,364
943,17,3 wk ahead cum death,point,,2020-08-09,2020-08-29,8673
951,18,3 wk ahead cum death,point,,2020-08-09,2020-08-29,3358
959,19,3 wk ahead cum death,point,,2020-08-09,2020-08-29,1143
967,20,3 wk ahead cum death,point,,2020-08-09,2020-08-29,515
975,21,3 wk ahead cum death,point,,2020-08-09,2020-08-29,926
983,22,3 wk ahead cum death,point,,2020-08-09,2020-08-29,4903
991,23,3 wk ahead cum death,point,,2020-08-09,2020-08-29,142
999,24,3 wk ahead cum death,point,,2020-08-09,2020-08-29,3991
1007,25,3 wk ahead cum death,point,,2020-08-09,2020-08-29,9226
1015,26,3 wk ahead cum death,point,,2020-08-09,2020-08-29,6917
1023,27,3 wk ahead cum death,point,,2020-08-09,2020-08-29,1961
1031,28,3 wk ahead cum death,point,,2020-08-09,2020-08-29,2526
1039,29,3 wk ahead cum death,point,,2020-08-09,2020-08-29,1597
1047,30,3 wk ahead cum death,point,,2020-08-09,2020-08-29,122
1055,31,3 wk ahead cum death,point,,2020-08-09,2020-08-29,469
1063,32,3 wk ahead cum death,point,,2020-08-09,2020-08-29,1283
1071,33,3 wk ahead cum death,point,,2020-08-09,2020-08-29,447
1079,34,3 wk ahead cum death,point,,2020-08-09,2020-08-29,16609
1087,35,3 wk ahead cum death,point,,2020-08-09,2020-08-29,780
1095,36,3 wk ahead cum death,point,,2020-08-09,2020-08-29,34462
1103,37,3 wk ahead cum death,point,,2020-08-09,2020-08-29,2789
1111,38,3 wk ahead cum death,point,,2020-08-09,2020-08-29,145
1119,39,3 wk ahead cum death,point,,2020-08-09,2020-08-29,4115
1127,40,3 wk ahead cum death,point,,2020-08-09,2020-08-29,797
1135,41,3 wk ahead cum death,point,,2020-08-09,2020-08-29,452
1143,42,3 wk ahead cum death,point,,2020-08-09,2020-08-29,7821
1151,44,3 wk ahead cum death,point,,2020-08-09,2020-08-29,1096
1159,45,3 wk ahead cum death,point,,2020-08-09,2020-08-29,2808
1167,46,3 wk ahead cum death,point,,2020-08-09,2020-08-29,187
1175,47,3 wk ahead cum death,point,,2020-08-09,2020-08-29,1769
1183,48,3 wk ahead cum death,point,,2020-08-09,2020-08-29,12690
1191,49,3 wk ahead cum death,point,,2020-08-09,2020-08-29,530
1199,50,3 wk ahead cum death,point,,2020-08-09,2020-08-29,64
1207,51,3 wk ahead cum death,point,,2020-08-09,2020-08-29,2760
1215,53,3 wk ahead cum death,point,,2020-08-09,2020-08-29,1961
1223,54,3 wk ahead cum death,point,,2020-08-09,2020-08-29,180
1231,55,3 wk ahead cum death,point,,2020-08-09,2020-08-29,1264
1239,56,3 wk ahead cum death,point,,2020-08-09,2020-08-29,41
1247,US,3 wk ahead cum death,point,,2020-08-09,2020-08-29,180527
1255,01,4 wk ahead cum death,point,,2020-08-09,2020-09-05,2270
1263,02,4 wk ahead cum death,point,,2020-08-09,2020-09-05,44
1271,04,4 wk ahead cum death,point,,2020-08-09,2020-09-05,5511
1279,05,4 wk ahead cum death,point,,2020-08-09,2020-09-05,790
1287,06,4 wk ahead cum death,point,,2020-08-09,2020-09-05,13244
1295,08,4 wk ahead cum death,point,,2020-08-09,2020-09-05,2100
1303,09,4 wk ahead cum death,point,,2020-08-09,2020-09-05,4665
1311,10,4 wk ahead cum death,point,,2020-08-09,2020-09-05,664
1319,11,4 wk ahead cum death,point,,2020-08-09,2020-09-05,651
1327,12,4 wk ahead cum death,point,,2020-08-09,2020-09-05,12007
1335,13,4 wk ahead cum death,point,,2020-08-09,2020-09-05,5277
1343,15,4 wk ahead cum death,point,,2020-08-09,2020-09-05,49
1351,16,4 wk ahead cum death,point,,2020-08-09,2020-09-05,382
1359,17,4 wk ahead cum death,point,,2020-08-09,2020-09-05,8776
1367,18,4 wk ahead cum death,point,,2020-08-09,2020-09-05,3397
1375,19,4 wk ahead cum death,point,,2020-08-09,2020-09-05,1169
1383,20,4 wk ahead cum death,point,,2020-08-09,2020-09-05,531
1391,21,4 wk ahead cum death,point,,2020-08-09,2020-09-05,945
1399,22,4 wk ahead cum death,point,,2020-08-09,2020-09-05,5002
1407,23,4 wk ahead cum death,point,,2020-08-09,2020-09-05,144
1415,24,4 wk ahead cum death,point,,2020-08-09,2020-09-05,4041
1423,25,4 wk ahead cum death,point,,2020-08-09,2020-09-05,9287
1431,26,4 wk ahead cum death,point,,2020-08-09,2020-09-05,6966
1439,27,4 wk ahead cum death,point,,2020-08-09,2020-09-05,1994
1447,28,4 wk ahead cum death,point,,2020-08-09,2020-09-05,2647
1455,29,4 wk ahead cum death,point,,2020-08-09,2020-09-05,1630
1463,30,4 wk ahead cum death,point,,2020-08-09,2020-09-05,130
1471,31,4 wk ahead cum death,point,,2020-08-09,2020-09-05,484
1479,32,4 wk ahead cum death,point,,2020-08-09,2020-09-05,1348
1487,33,4 wk ahead cum death,point,,2020-08-09,2020-09-05,450
1495,34,4 wk ahead cum death,point,,2020-08-09,2020-09-05,16700
1503,35,4 wk ahead cum death,point,,2020-08-09,2020-09-05,792
1511,36,4 wk ahead cum death,point,,2020-08-09,2020-09-05,34672
1519,37,4 wk ahead cum death,point,,2020-08-09,2020-09-05,2863
1527,38,4 wk ahead cum death,point,,2020-08-09,2020-09-05,150
1535,39,4 wk ahead cum death,point,,2020-08-09,2020-09-05,4173
1543,40,4 wk ahead cum death,point,,2020-08-09,2020-09-05,821
1551,41,4 wk ahead cum death,point,,2020-08-09,2020-09-05,465
1559,42,4 wk ahead cum death,point,,2020-08-09,2020-09-05,7884
1567,44,4 wk ahead cum death,point,,2020-08-09,2020-09-05,1106
1575,45,4 wk ahead cum death,point,,2020-08-09,2020-09-05,2941
1583,46,4 wk ahead cum death,point,,2020-08-09,2020-09-05,193
1591,47,4 wk ahead cum death,point,,2020-08-09,2020-09-05,1836
1599,48,4 wk ahead cum death,point,,2020-08-09,2020-09-05,13442
1607,49,4 wk ahead cum death,point,,2020-08-09,2020-09-05,554
1615,50,4 wk ahead cum death,point,,2020-08-09,2020-09-05,64
1623,51,4 wk ahead cum death,point,,2020-08-09,2020-09-05,2813
1631,53,4 wk ahead cum death,point,,2020-08-09,2020-09-05,1995
1639,54,4 wk ahead cum death,point,,2020-08-09,2020-09-05,186
1647,55,4 wk ahead cum death,point,,2020-08-09,2020-09-05,1297
1655,56,4 wk ahead cum death,point,,2020-08-09,2020-09-05,43
1663,US,4 wk ahead cum death,point,,2020-08-09,2020-09-05,182886
