location,type,quantile,value,target_end_date,forecast_date,target
01,point,,2846,2021-05-15,2021-05-10,1 wk ahead inc case
01,point,,69,2021-05-15,2021-05-10,1 wk ahead inc death
01,point,,2870,2021-05-22,2021-05-10,2 wk ahead inc case
01,point,,70,2021-05-22,2021-05-10,2 wk ahead inc death
01,point,,2840,2021-05-29,2021-05-10,3 wk ahead inc case
01,point,,70,2021-05-29,2021-05-10,3 wk ahead inc death
01,point,,2819,2021-06-05,2021-05-10,4 wk ahead inc case
01,point,,67,2021-06-05,2021-05-10,4 wk ahead inc death
02,point,,817,2021-05-15,2021-05-10,1 wk ahead inc case
02,point,,1,2021-05-15,2021-05-10,1 wk ahead inc death
02,point,,782,2021-05-22,2021-05-10,2 wk ahead inc case
02,point,,1,2021-05-22,2021-05-10,2 wk ahead inc death
02,point,,729,2021-05-29,2021-05-10,3 wk ahead inc case
02,point,,1,2021-05-29,2021-05-10,3 wk ahead inc death
02,point,,701,2021-06-05,2021-05-10,4 wk ahead inc case
02,point,,1,2021-06-05,2021-05-10,4 wk ahead inc death
04,point,,4755,2021-05-15,2021-05-10,1 wk ahead inc case
04,point,,83,2021-05-15,2021-05-10,1 wk ahead inc death
04,point,,4809,2021-05-22,2021-05-10,2 wk ahead inc case
04,point,,84,2021-05-22,2021-05-10,2 wk ahead inc death
04,point,,4783,2021-05-29,2021-05-10,3 wk ahead inc case
04,point,,86,2021-05-29,2021-05-10,3 wk ahead inc death
04,point,,4895,2021-06-05,2021-05-10,4 wk ahead inc case
04,point,,87,2021-06-05,2021-05-10,4 wk ahead inc death
05,point,,1459,2021-05-15,2021-05-10,1 wk ahead inc case
05,point,,19,2021-05-15,2021-05-10,1 wk ahead inc death
05,point,,1580,2021-05-22,2021-05-10,2 wk ahead inc case
05,point,,20,2021-05-22,2021-05-10,2 wk ahead inc death
05,point,,1601,2021-05-29,2021-05-10,3 wk ahead inc case
05,point,,21,2021-05-29,2021-05-10,3 wk ahead inc death
05,point,,1617,2021-06-05,2021-05-10,4 wk ahead inc case
05,point,,21,2021-06-05,2021-05-10,4 wk ahead inc death
06,point,,11483,2021-05-15,2021-05-10,1 wk ahead inc case
06,point,,356,2021-05-15,2021-05-10,1 wk ahead inc death
06,point,,10758,2021-05-22,2021-05-10,2 wk ahead inc case
06,point,,331,2021-05-22,2021-05-10,2 wk ahead inc death
06,point,,10271,2021-05-29,2021-05-10,3 wk ahead inc case
06,point,,304,2021-05-29,2021-05-10,3 wk ahead inc death
06,point,,10009,2021-06-05,2021-05-10,4 wk ahead inc case
06,point,,277,2021-06-05,2021-05-10,4 wk ahead inc death
08,point,,8645,2021-05-15,2021-05-10,1 wk ahead inc case
08,point,,70,2021-05-15,2021-05-10,1 wk ahead inc death
08,point,,8000,2021-05-22,2021-05-10,2 wk ahead inc case
08,point,,69,2021-05-22,2021-05-10,2 wk ahead inc death
08,point,,7399,2021-05-29,2021-05-10,3 wk ahead inc case
08,point,,75,2021-05-29,2021-05-10,3 wk ahead inc death
08,point,,6834,2021-06-05,2021-05-10,4 wk ahead inc case
08,point,,76,2021-06-05,2021-05-10,4 wk ahead inc death
09,point,,3573,2021-05-15,2021-05-10,1 wk ahead inc case
09,point,,44,2021-05-15,2021-05-10,1 wk ahead inc death
09,point,,3263,2021-05-22,2021-05-10,2 wk ahead inc case
09,point,,43,2021-05-22,2021-05-10,2 wk ahead inc death
09,point,,2960,2021-05-29,2021-05-10,3 wk ahead inc case
09,point,,43,2021-05-29,2021-05-10,3 wk ahead inc death
09,point,,2554,2021-06-05,2021-05-10,4 wk ahead inc case
09,point,,43,2021-06-05,2021-05-10,4 wk ahead inc death
10,point,,1118,2021-05-15,2021-05-10,1 wk ahead inc case
10,point,,9,2021-05-15,2021-05-10,1 wk ahead inc death
10,point,,987,2021-05-22,2021-05-10,2 wk ahead inc case
10,point,,9,2021-05-22,2021-05-10,2 wk ahead inc death
10,point,,912,2021-05-29,2021-05-10,3 wk ahead inc case
10,point,,9,2021-05-29,2021-05-10,3 wk ahead inc death
10,point,,846,2021-06-05,2021-05-10,4 wk ahead inc case
10,point,,10,2021-06-05,2021-05-10,4 wk ahead inc death
11,point,,265,2021-05-15,2021-05-10,1 wk ahead inc case
11,point,,4,2021-05-15,2021-05-10,1 wk ahead inc death
11,point,,246,2021-05-22,2021-05-10,2 wk ahead inc case
11,point,,4,2021-05-22,2021-05-10,2 wk ahead inc death
11,point,,243,2021-05-29,2021-05-10,3 wk ahead inc case
11,point,,4,2021-05-29,2021-05-10,3 wk ahead inc death
11,point,,248,2021-06-05,2021-05-10,4 wk ahead inc case
11,point,,4,2021-06-05,2021-05-10,4 wk ahead inc death
12,point,,23679,2021-05-15,2021-05-10,1 wk ahead inc case
12,point,,477,2021-05-15,2021-05-10,1 wk ahead inc death
12,point,,20740,2021-05-22,2021-05-10,2 wk ahead inc case
12,point,,499,2021-05-22,2021-05-10,2 wk ahead inc death
12,point,,18096,2021-05-29,2021-05-10,3 wk ahead inc case
12,point,,519,2021-05-29,2021-05-10,3 wk ahead inc death
12,point,,15793,2021-06-05,2021-05-10,4 wk ahead inc case
12,point,,540,2021-06-05,2021-05-10,4 wk ahead inc death
13,point,,6099,2021-05-15,2021-05-10,1 wk ahead inc case
13,point,,166,2021-05-15,2021-05-10,1 wk ahead inc death
13,point,,5605,2021-05-22,2021-05-10,2 wk ahead inc case
13,point,,161,2021-05-22,2021-05-10,2 wk ahead inc death
13,point,,5212,2021-05-29,2021-05-10,3 wk ahead inc case
13,point,,156,2021-05-29,2021-05-10,3 wk ahead inc death
13,point,,4867,2021-06-05,2021-05-10,4 wk ahead inc case
13,point,,156,2021-06-05,2021-05-10,4 wk ahead inc death
15,point,,674,2021-05-15,2021-05-10,1 wk ahead inc case
15,point,,5,2021-05-15,2021-05-10,1 wk ahead inc death
15,point,,698,2021-05-22,2021-05-10,2 wk ahead inc case
15,point,,5,2021-05-22,2021-05-10,2 wk ahead inc death
15,point,,708,2021-05-29,2021-05-10,3 wk ahead inc case
15,point,,5,2021-05-29,2021-05-10,3 wk ahead inc death
15,point,,710,2021-06-05,2021-05-10,4 wk ahead inc case
15,point,,5,2021-06-05,2021-05-10,4 wk ahead inc death
16,point,,1191,2021-05-15,2021-05-10,1 wk ahead inc case
16,point,,15,2021-05-15,2021-05-10,1 wk ahead inc death
16,point,,1106,2021-05-22,2021-05-10,2 wk ahead inc case
16,point,,15,2021-05-22,2021-05-10,2 wk ahead inc death
16,point,,1043,2021-05-29,2021-05-10,3 wk ahead inc case
16,point,,15,2021-05-29,2021-05-10,3 wk ahead inc death
16,point,,971,2021-06-05,2021-05-10,4 wk ahead inc case
16,point,,15,2021-06-05,2021-05-10,4 wk ahead inc death
17,point,,13781,2021-05-15,2021-05-10,1 wk ahead inc case
17,point,,227,2021-05-15,2021-05-10,1 wk ahead inc death
17,point,,11827,2021-05-22,2021-05-10,2 wk ahead inc case
17,point,,231,2021-05-22,2021-05-10,2 wk ahead inc death
17,point,,10655,2021-05-29,2021-05-10,3 wk ahead inc case
17,point,,232,2021-05-29,2021-05-10,3 wk ahead inc death
17,point,,9697,2021-06-05,2021-05-10,4 wk ahead inc case
17,point,,233,2021-06-05,2021-05-10,4 wk ahead inc death
18,point,,7177,2021-05-15,2021-05-10,1 wk ahead inc case
18,point,,67,2021-05-15,2021-05-10,1 wk ahead inc death
18,point,,6945,2021-05-22,2021-05-10,2 wk ahead inc case
18,point,,66,2021-05-22,2021-05-10,2 wk ahead inc death
18,point,,6835,2021-05-29,2021-05-10,3 wk ahead inc case
18,point,,66,2021-05-29,2021-05-10,3 wk ahead inc death
18,point,,6782,2021-06-05,2021-05-10,4 wk ahead inc case
18,point,,66,2021-06-05,2021-05-10,4 wk ahead inc death
19,point,,1778,2021-05-15,2021-05-10,1 wk ahead inc case
19,point,,28,2021-05-15,2021-05-10,1 wk ahead inc death
19,point,,1549,2021-05-22,2021-05-10,2 wk ahead inc case
19,point,,27,2021-05-22,2021-05-10,2 wk ahead inc death
19,point,,1296,2021-05-29,2021-05-10,3 wk ahead inc case
19,point,,25,2021-05-29,2021-05-10,3 wk ahead inc death
19,point,,1130,2021-06-05,2021-05-10,4 wk ahead inc case
19,point,,24,2021-06-05,2021-05-10,4 wk ahead inc death
20,point,,1549,2021-05-15,2021-05-10,1 wk ahead inc case
20,point,,28,2021-05-15,2021-05-10,1 wk ahead inc death
20,point,,1616,2021-05-22,2021-05-10,2 wk ahead inc case
20,point,,31,2021-05-22,2021-05-10,2 wk ahead inc death
20,point,,1710,2021-05-29,2021-05-10,3 wk ahead inc case
20,point,,31,2021-05-29,2021-05-10,3 wk ahead inc death
20,point,,1782,2021-06-05,2021-05-10,4 wk ahead inc case
20,point,,32,2021-06-05,2021-05-10,4 wk ahead inc death
21,point,,3645,2021-05-15,2021-05-10,1 wk ahead inc case
21,point,,68,2021-05-15,2021-05-10,1 wk ahead inc death
21,point,,3743,2021-05-22,2021-05-10,2 wk ahead inc case
21,point,,63,2021-05-22,2021-05-10,2 wk ahead inc death
21,point,,3765,2021-05-29,2021-05-10,3 wk ahead inc case
21,point,,60,2021-05-29,2021-05-10,3 wk ahead inc death
21,point,,3780,2021-06-05,2021-05-10,4 wk ahead inc case
21,point,,57,2021-06-05,2021-05-10,4 wk ahead inc death
22,point,,3129,2021-05-15,2021-05-10,1 wk ahead inc case
22,point,,51,2021-05-15,2021-05-10,1 wk ahead inc death
22,point,,3254,2021-05-22,2021-05-10,2 wk ahead inc case
22,point,,49,2021-05-22,2021-05-10,2 wk ahead inc death
22,point,,3311,2021-05-29,2021-05-10,3 wk ahead inc case
22,point,,49,2021-05-29,2021-05-10,3 wk ahead inc death
22,point,,3378,2021-06-05,2021-05-10,4 wk ahead inc case
22,point,,49,2021-06-05,2021-05-10,4 wk ahead inc death
23,point,,2143,2021-05-15,2021-05-10,1 wk ahead inc case
23,point,,10,2021-05-15,2021-05-10,1 wk ahead inc death
23,point,,2204,2021-05-22,2021-05-10,2 wk ahead inc case
23,point,,11,2021-05-22,2021-05-10,2 wk ahead inc death
23,point,,2215,2021-05-29,2021-05-10,3 wk ahead inc case
23,point,,10,2021-05-29,2021-05-10,3 wk ahead inc death
23,point,,2215,2021-06-05,2021-05-10,4 wk ahead inc case
23,point,,11,2021-06-05,2021-05-10,4 wk ahead inc death
24,point,,3212,2021-05-15,2021-05-10,1 wk ahead inc case
24,point,,80,2021-05-15,2021-05-10,1 wk ahead inc death
24,point,,2507,2021-05-22,2021-05-10,2 wk ahead inc case
24,point,,75,2021-05-22,2021-05-10,2 wk ahead inc death
24,point,,2010,2021-05-29,2021-05-10,3 wk ahead inc case
24,point,,70,2021-05-29,2021-05-10,3 wk ahead inc death
24,point,,1664,2021-06-05,2021-05-10,4 wk ahead inc case
24,point,,66,2021-06-05,2021-05-10,4 wk ahead inc death
25,point,,5517,2021-05-15,2021-05-10,1 wk ahead inc case
25,point,,43,2021-05-15,2021-05-10,1 wk ahead inc death
25,point,,4603,2021-05-22,2021-05-10,2 wk ahead inc case
25,point,,35,2021-05-22,2021-05-10,2 wk ahead inc death
25,point,,3984,2021-05-29,2021-05-10,3 wk ahead inc case
25,point,,28,2021-05-29,2021-05-10,3 wk ahead inc death
25,point,,3629,2021-06-05,2021-05-10,4 wk ahead inc case
25,point,,24,2021-06-05,2021-05-10,4 wk ahead inc death
26,point,,19973,2021-05-15,2021-05-10,1 wk ahead inc case
26,point,,515,2021-05-15,2021-05-10,1 wk ahead inc death
26,point,,19483,2021-05-22,2021-05-10,2 wk ahead inc case
26,point,,533,2021-05-22,2021-05-10,2 wk ahead inc death
26,point,,18334,2021-05-29,2021-05-10,3 wk ahead inc case
26,point,,549,2021-05-29,2021-05-10,3 wk ahead inc death
26,point,,17127,2021-06-05,2021-05-10,4 wk ahead inc case
26,point,,566,2021-06-05,2021-05-10,4 wk ahead inc death
27,point,,6171,2021-05-15,2021-05-10,1 wk ahead inc case
27,point,,82,2021-05-15,2021-05-10,1 wk ahead inc death
27,point,,4915,2021-05-22,2021-05-10,2 wk ahead inc case
27,point,,82,2021-05-22,2021-05-10,2 wk ahead inc death
27,point,,3719,2021-05-29,2021-05-10,3 wk ahead inc case
27,point,,84,2021-05-29,2021-05-10,3 wk ahead inc death
27,point,,2908,2021-06-05,2021-05-10,4 wk ahead inc case
27,point,,84,2021-06-05,2021-05-10,4 wk ahead inc death
28,point,,792,2021-05-15,2021-05-10,1 wk ahead inc case
28,point,,21,2021-05-15,2021-05-10,1 wk ahead inc death
28,point,,644,2021-05-22,2021-05-10,2 wk ahead inc case
28,point,,18,2021-05-22,2021-05-10,2 wk ahead inc death
28,point,,499,2021-05-29,2021-05-10,3 wk ahead inc case
28,point,,16,2021-05-29,2021-05-10,3 wk ahead inc death
28,point,,401,2021-06-05,2021-05-10,4 wk ahead inc case
28,point,,14,2021-06-05,2021-05-10,4 wk ahead inc death
29,point,,3609,2021-05-15,2021-05-10,1 wk ahead inc case
29,point,,88,2021-05-15,2021-05-10,1 wk ahead inc death
29,point,,3668,2021-05-22,2021-05-10,2 wk ahead inc case
29,point,,91,2021-05-22,2021-05-10,2 wk ahead inc death
29,point,,3584,2021-05-29,2021-05-10,3 wk ahead inc case
29,point,,94,2021-05-29,2021-05-10,3 wk ahead inc death
29,point,,3547,2021-06-05,2021-05-10,4 wk ahead inc case
29,point,,99,2021-06-05,2021-05-10,4 wk ahead inc death
30,point,,785,2021-05-15,2021-05-10,1 wk ahead inc case
30,point,,17,2021-05-15,2021-05-10,1 wk ahead inc death
30,point,,799,2021-05-22,2021-05-10,2 wk ahead inc case
30,point,,18,2021-05-22,2021-05-10,2 wk ahead inc death
30,point,,789,2021-05-29,2021-05-10,3 wk ahead inc case
30,point,,19,2021-05-29,2021-05-10,3 wk ahead inc death
30,point,,798,2021-06-05,2021-05-10,4 wk ahead inc case
30,point,,19,2021-06-05,2021-05-10,4 wk ahead inc death
31,point,,1111,2021-05-15,2021-05-10,1 wk ahead inc case
31,point,,5,2021-05-15,2021-05-10,1 wk ahead inc death
31,point,,1067,2021-05-22,2021-05-10,2 wk ahead inc case
31,point,,6,2021-05-22,2021-05-10,2 wk ahead inc death
31,point,,1001,2021-05-29,2021-05-10,3 wk ahead inc case
31,point,,6,2021-05-29,2021-05-10,3 wk ahead inc death
31,point,,965,2021-06-05,2021-05-10,4 wk ahead inc case
31,point,,6,2021-06-05,2021-05-10,4 wk ahead inc death
32,point,,2114,2021-05-15,2021-05-10,1 wk ahead inc case
32,point,,34,2021-05-15,2021-05-10,1 wk ahead inc death
32,point,,1861,2021-05-22,2021-05-10,2 wk ahead inc case
32,point,,30,2021-05-22,2021-05-10,2 wk ahead inc death
32,point,,1692,2021-05-29,2021-05-10,3 wk ahead inc case
32,point,,29,2021-05-29,2021-05-10,3 wk ahead inc death
32,point,,1583,2021-06-05,2021-05-10,4 wk ahead inc case
32,point,,28,2021-06-05,2021-05-10,4 wk ahead inc death
33,point,,1053,2021-05-15,2021-05-10,1 wk ahead inc case
33,point,,13,2021-05-15,2021-05-10,1 wk ahead inc death
33,point,,981,2021-05-22,2021-05-10,2 wk ahead inc case
33,point,,12,2021-05-22,2021-05-10,2 wk ahead inc death
33,point,,938,2021-05-29,2021-05-10,3 wk ahead inc case
33,point,,13,2021-05-29,2021-05-10,3 wk ahead inc death
33,point,,933,2021-06-05,2021-05-10,4 wk ahead inc case
33,point,,13,2021-06-05,2021-05-10,4 wk ahead inc death
34,point,,4762,2021-05-15,2021-05-10,1 wk ahead inc case
34,point,,199,2021-05-15,2021-05-10,1 wk ahead inc death
34,point,,4235,2021-05-22,2021-05-10,2 wk ahead inc case
34,point,,196,2021-05-22,2021-05-10,2 wk ahead inc death
34,point,,3943,2021-05-29,2021-05-10,3 wk ahead inc case
34,point,,193,2021-05-29,2021-05-10,3 wk ahead inc death
34,point,,4111,2021-06-05,2021-05-10,4 wk ahead inc case
34,point,,189,2021-06-05,2021-05-10,4 wk ahead inc death
35,point,,906,2021-05-15,2021-05-10,1 wk ahead inc case
35,point,,30,2021-05-15,2021-05-10,1 wk ahead inc death
35,point,,828,2021-05-22,2021-05-10,2 wk ahead inc case
35,point,,29,2021-05-22,2021-05-10,2 wk ahead inc death
35,point,,800,2021-05-29,2021-05-10,3 wk ahead inc case
35,point,,29,2021-05-29,2021-05-10,3 wk ahead inc death
35,point,,758,2021-06-05,2021-05-10,4 wk ahead inc case
35,point,,28,2021-06-05,2021-05-10,4 wk ahead inc death
36,point,,15267,2021-05-15,2021-05-10,1 wk ahead inc case
36,point,,307,2021-05-15,2021-05-10,1 wk ahead inc death
36,point,,12722,2021-05-22,2021-05-10,2 wk ahead inc case
36,point,,303,2021-05-22,2021-05-10,2 wk ahead inc death
36,point,,10525,2021-05-29,2021-05-10,3 wk ahead inc case
36,point,,297,2021-05-29,2021-05-10,3 wk ahead inc death
36,point,,8724,2021-06-05,2021-05-10,4 wk ahead inc case
36,point,,295,2021-06-05,2021-05-10,4 wk ahead inc death
37,point,,9977,2021-05-15,2021-05-10,1 wk ahead inc case
37,point,,128,2021-05-15,2021-05-10,1 wk ahead inc death
37,point,,10411,2021-05-22,2021-05-10,2 wk ahead inc case
37,point,,130,2021-05-22,2021-05-10,2 wk ahead inc death
37,point,,9788,2021-05-29,2021-05-10,3 wk ahead inc case
37,point,,133,2021-05-29,2021-05-10,3 wk ahead inc death
37,point,,9775,2021-06-05,2021-05-10,4 wk ahead inc case
37,point,,134,2021-06-05,2021-05-10,4 wk ahead inc death
38,point,,699,2021-05-15,2021-05-10,1 wk ahead inc case
38,point,,4,2021-05-15,2021-05-10,1 wk ahead inc death
38,point,,658,2021-05-22,2021-05-10,2 wk ahead inc case
38,point,,4,2021-05-22,2021-05-10,2 wk ahead inc death
38,point,,604,2021-05-29,2021-05-10,3 wk ahead inc case
38,point,,3,2021-05-29,2021-05-10,3 wk ahead inc death
38,point,,557,2021-06-05,2021-05-10,4 wk ahead inc case
38,point,,3,2021-06-05,2021-05-10,4 wk ahead inc death
39,point,,8034,2021-05-15,2021-05-10,1 wk ahead inc case
39,point,,0,2021-05-15,2021-05-10,1 wk ahead inc death
39,point,,7444,2021-05-22,2021-05-10,2 wk ahead inc case
39,point,,0,2021-05-22,2021-05-10,2 wk ahead inc death
39,point,,6837,2021-05-29,2021-05-10,3 wk ahead inc case
39,point,,0,2021-05-29,2021-05-10,3 wk ahead inc death
39,point,,6246,2021-06-05,2021-05-10,4 wk ahead inc case
39,point,,0,2021-06-05,2021-05-10,4 wk ahead inc death
40,point,,273,2021-05-15,2021-05-10,1 wk ahead inc case
40,point,,0,2021-05-15,2021-05-10,1 wk ahead inc death
40,point,,56,2021-05-22,2021-05-10,2 wk ahead inc case
40,point,,0,2021-05-22,2021-05-10,2 wk ahead inc death
40,point,,0,2021-05-29,2021-05-10,3 wk ahead inc case
40,point,,0,2021-05-29,2021-05-10,3 wk ahead inc death
40,point,,0,2021-06-05,2021-05-10,4 wk ahead inc case
40,point,,0,2021-06-05,2021-05-10,4 wk ahead inc death
41,point,,5124,2021-05-15,2021-05-10,1 wk ahead inc case
41,point,,32,2021-05-15,2021-05-10,1 wk ahead inc death
41,point,,5346,2021-05-22,2021-05-10,2 wk ahead inc case
41,point,,33,2021-05-22,2021-05-10,2 wk ahead inc death
41,point,,5492,2021-05-29,2021-05-10,3 wk ahead inc case
41,point,,32,2021-05-29,2021-05-10,3 wk ahead inc death
41,point,,5601,2021-06-05,2021-05-10,4 wk ahead inc case
41,point,,32,2021-06-05,2021-05-10,4 wk ahead inc death
42,point,,12206,2021-05-15,2021-05-10,1 wk ahead inc case
42,point,,277,2021-05-15,2021-05-10,1 wk ahead inc death
42,point,,10679,2021-05-22,2021-05-10,2 wk ahead inc case
42,point,,283,2021-05-22,2021-05-10,2 wk ahead inc death
42,point,,10404,2021-05-29,2021-05-10,3 wk ahead inc case
42,point,,286,2021-05-29,2021-05-10,3 wk ahead inc death
42,point,,10459,2021-06-05,2021-05-10,4 wk ahead inc case
42,point,,287,2021-06-05,2021-05-10,4 wk ahead inc death
44,point,,1276,2021-05-15,2021-05-10,1 wk ahead inc case
44,point,,12,2021-05-15,2021-05-10,1 wk ahead inc death
44,point,,1103,2021-05-22,2021-05-10,2 wk ahead inc case
44,point,,12,2021-05-22,2021-05-10,2 wk ahead inc death
44,point,,918,2021-05-29,2021-05-10,3 wk ahead inc case
44,point,,11,2021-05-29,2021-05-10,3 wk ahead inc death
44,point,,751,2021-06-05,2021-05-10,4 wk ahead inc case
44,point,,11,2021-06-05,2021-05-10,4 wk ahead inc death
45,point,,3729,2021-05-15,2021-05-10,1 wk ahead inc case
45,point,,82,2021-05-15,2021-05-10,1 wk ahead inc death
45,point,,3317,2021-05-22,2021-05-10,2 wk ahead inc case
45,point,,84,2021-05-22,2021-05-10,2 wk ahead inc death
45,point,,2931,2021-05-29,2021-05-10,3 wk ahead inc case
45,point,,83,2021-05-29,2021-05-10,3 wk ahead inc death
45,point,,2630,2021-06-05,2021-05-10,4 wk ahead inc case
45,point,,82,2021-06-05,2021-05-10,4 wk ahead inc death
46,point,,350,2021-05-15,2021-05-10,1 wk ahead inc case
46,point,,12,2021-05-15,2021-05-10,1 wk ahead inc death
46,point,,223,2021-05-22,2021-05-10,2 wk ahead inc case
46,point,,14,2021-05-22,2021-05-10,2 wk ahead inc death
46,point,,142,2021-05-29,2021-05-10,3 wk ahead inc case
46,point,,14,2021-05-29,2021-05-10,3 wk ahead inc death
46,point,,79,2021-06-05,2021-05-10,4 wk ahead inc case
46,point,,15,2021-06-05,2021-05-10,4 wk ahead inc death
47,point,,4473,2021-05-15,2021-05-10,1 wk ahead inc case
47,point,,52,2021-05-15,2021-05-10,1 wk ahead inc death
47,point,,4325,2021-05-22,2021-05-10,2 wk ahead inc case
47,point,,54,2021-05-22,2021-05-10,2 wk ahead inc death
47,point,,4245,2021-05-29,2021-05-10,3 wk ahead inc case
47,point,,54,2021-05-29,2021-05-10,3 wk ahead inc death
47,point,,4283,2021-06-05,2021-05-10,4 wk ahead inc case
47,point,,56,2021-06-05,2021-05-10,4 wk ahead inc death
48,point,,16488,2021-05-15,2021-05-10,1 wk ahead inc case
48,point,,306,2021-05-15,2021-05-10,1 wk ahead inc death
48,point,,15645,2021-05-22,2021-05-10,2 wk ahead inc case
48,point,,278,2021-05-22,2021-05-10,2 wk ahead inc death
48,point,,14851,2021-05-29,2021-05-10,3 wk ahead inc case
48,point,,258,2021-05-29,2021-05-10,3 wk ahead inc death
48,point,,14901,2021-06-05,2021-05-10,4 wk ahead inc case
48,point,,238,2021-06-05,2021-05-10,4 wk ahead inc death
49,point,,2224,2021-05-15,2021-05-10,1 wk ahead inc case
49,point,,18,2021-05-15,2021-05-10,1 wk ahead inc death
49,point,,2164,2021-05-22,2021-05-10,2 wk ahead inc case
49,point,,17,2021-05-22,2021-05-10,2 wk ahead inc death
49,point,,2057,2021-05-29,2021-05-10,3 wk ahead inc case
49,point,,18,2021-05-29,2021-05-10,3 wk ahead inc death
49,point,,1992,2021-06-05,2021-05-10,4 wk ahead inc case
49,point,,18,2021-06-05,2021-05-10,4 wk ahead inc death
50,point,,321,2021-05-15,2021-05-10,1 wk ahead inc case
50,point,,2,2021-05-15,2021-05-10,1 wk ahead inc death
50,point,,297,2021-05-22,2021-05-10,2 wk ahead inc case
50,point,,2,2021-05-22,2021-05-10,2 wk ahead inc death
50,point,,272,2021-05-29,2021-05-10,3 wk ahead inc case
50,point,,2,2021-05-29,2021-05-10,3 wk ahead inc death
50,point,,258,2021-06-05,2021-05-10,4 wk ahead inc case
50,point,,2,2021-06-05,2021-05-10,4 wk ahead inc death
51,point,,4977,2021-05-15,2021-05-10,1 wk ahead inc case
51,point,,105,2021-05-15,2021-05-10,1 wk ahead inc death
51,point,,4810,2021-05-22,2021-05-10,2 wk ahead inc case
51,point,,98,2021-05-22,2021-05-10,2 wk ahead inc death
51,point,,4771,2021-05-29,2021-05-10,3 wk ahead inc case
51,point,,90,2021-05-29,2021-05-10,3 wk ahead inc death
51,point,,4846,2021-06-05,2021-05-10,4 wk ahead inc case
51,point,,81,2021-06-05,2021-05-10,4 wk ahead inc death
53,point,,8873,2021-05-15,2021-05-10,1 wk ahead inc case
53,point,,66,2021-05-15,2021-05-10,1 wk ahead inc death
53,point,,8945,2021-05-22,2021-05-10,2 wk ahead inc case
53,point,,69,2021-05-22,2021-05-10,2 wk ahead inc death
53,point,,9038,2021-05-29,2021-05-10,3 wk ahead inc case
53,point,,69,2021-05-29,2021-05-10,3 wk ahead inc death
53,point,,9018,2021-06-05,2021-05-10,4 wk ahead inc case
53,point,,70,2021-06-05,2021-05-10,4 wk ahead inc death
54,point,,2476,2021-05-15,2021-05-10,1 wk ahead inc case
54,point,,40,2021-05-15,2021-05-10,1 wk ahead inc death
54,point,,2425,2021-05-22,2021-05-10,2 wk ahead inc case
54,point,,45,2021-05-22,2021-05-10,2 wk ahead inc death
54,point,,2401,2021-05-29,2021-05-10,3 wk ahead inc case
54,point,,44,2021-05-29,2021-05-10,3 wk ahead inc death
54,point,,2382,2021-06-05,2021-05-10,4 wk ahead inc case
54,point,,47,2021-06-05,2021-05-10,4 wk ahead inc death
55,point,,3370,2021-05-15,2021-05-10,1 wk ahead inc case
55,point,,86,2021-05-15,2021-05-10,1 wk ahead inc death
55,point,,2904,2021-05-22,2021-05-10,2 wk ahead inc case
55,point,,90,2021-05-22,2021-05-10,2 wk ahead inc death
55,point,,2234,2021-05-29,2021-05-10,3 wk ahead inc case
55,point,,93,2021-05-29,2021-05-10,3 wk ahead inc death
55,point,,1854,2021-06-05,2021-05-10,4 wk ahead inc case
55,point,,96,2021-06-05,2021-05-10,4 wk ahead inc death
56,point,,420,2021-05-15,2021-05-10,1 wk ahead inc case
56,point,,3,2021-05-15,2021-05-10,1 wk ahead inc death
56,point,,336,2021-05-22,2021-05-10,2 wk ahead inc case
56,point,,3,2021-05-22,2021-05-10,2 wk ahead inc death
56,point,,312,2021-05-29,2021-05-10,3 wk ahead inc case
56,point,,3,2021-05-29,2021-05-10,3 wk ahead inc death
56,point,,301,2021-06-05,2021-05-10,4 wk ahead inc case
56,point,,3,2021-06-05,2021-05-10,4 wk ahead inc death
US,point,,224895,2021-05-15,2021-05-10,1 wk ahead inc case
US,point,,4511,2021-05-15,2021-05-10,1 wk ahead inc death
US,point,,178983,2021-05-22,2021-05-10,2 wk ahead inc case
US,point,,4407,2021-05-22,2021-05-10,2 wk ahead inc death
US,point,,144083,2021-05-29,2021-05-10,3 wk ahead inc case
US,point,,4339,2021-05-29,2021-05-10,3 wk ahead inc death
US,point,,118484,2021-06-05,2021-05-10,4 wk ahead inc case
US,point,,4211,2021-06-05,2021-05-10,4 wk ahead inc death
01,point,,5027,2021-05-22,2021-05-17,1 wk ahead inc case
01,point,,71,2021-05-22,2021-05-17,1 wk ahead inc death
01,point,,3325,2021-05-29,2021-05-17,2 wk ahead inc case
01,point,,70,2021-05-29,2021-05-17,2 wk ahead inc death
01,point,,3234,2021-06-05,2021-05-17,3 wk ahead inc case
01,point,,68,2021-06-05,2021-05-17,3 wk ahead inc death
01,point,,3359,2021-06-12,2021-05-17,4 wk ahead inc case
01,point,,69,2021-06-12,2021-05-17,4 wk ahead inc death
02,point,,596,2021-05-22,2021-05-17,1 wk ahead inc case
02,point,,2,2021-05-22,2021-05-17,1 wk ahead inc death
02,point,,537,2021-05-29,2021-05-17,2 wk ahead inc case
02,point,,2,2021-05-29,2021-05-17,2 wk ahead inc death
02,point,,476,2021-06-05,2021-05-17,3 wk ahead inc case
02,point,,2,2021-06-05,2021-05-17,3 wk ahead inc death
02,point,,417,2021-06-12,2021-05-17,4 wk ahead inc case
02,point,,2,2021-06-12,2021-05-17,4 wk ahead inc death
04,point,,4182,2021-05-22,2021-05-17,1 wk ahead inc case
04,point,,61,2021-05-22,2021-05-17,1 wk ahead inc death
04,point,,4090,2021-05-29,2021-05-17,2 wk ahead inc case
04,point,,61,2021-05-29,2021-05-17,2 wk ahead inc death
04,point,,4015,2021-06-05,2021-05-17,3 wk ahead inc case
04,point,,60,2021-06-05,2021-05-17,3 wk ahead inc death
04,point,,3927,2021-06-12,2021-05-17,4 wk ahead inc case
04,point,,61,2021-06-12,2021-05-17,4 wk ahead inc death
05,point,,1279,2021-05-22,2021-05-17,1 wk ahead inc case
05,point,,33,2021-05-22,2021-05-17,1 wk ahead inc death
05,point,,1253,2021-05-29,2021-05-17,2 wk ahead inc case
05,point,,35,2021-05-29,2021-05-17,2 wk ahead inc death
05,point,,1233,2021-06-05,2021-05-17,3 wk ahead inc case
05,point,,35,2021-06-05,2021-05-17,3 wk ahead inc death
05,point,,1194,2021-06-12,2021-05-17,4 wk ahead inc case
05,point,,35,2021-06-12,2021-05-17,4 wk ahead inc death
06,point,,9367,2021-05-22,2021-05-17,1 wk ahead inc case
06,point,,334,2021-05-22,2021-05-17,1 wk ahead inc death
06,point,,8686,2021-05-29,2021-05-17,2 wk ahead inc case
06,point,,302,2021-05-29,2021-05-17,2 wk ahead inc death
06,point,,7986,2021-06-05,2021-05-17,3 wk ahead inc case
06,point,,270,2021-06-05,2021-05-17,3 wk ahead inc death
06,point,,7413,2021-06-12,2021-05-17,4 wk ahead inc case
06,point,,242,2021-06-12,2021-05-17,4 wk ahead inc death
08,point,,6711,2021-05-22,2021-05-17,1 wk ahead inc case
08,point,,80,2021-05-22,2021-05-17,1 wk ahead inc death
08,point,,5867,2021-05-29,2021-05-17,2 wk ahead inc case
08,point,,89,2021-05-29,2021-05-17,2 wk ahead inc death
08,point,,5071,2021-06-05,2021-05-17,3 wk ahead inc case
08,point,,95,2021-06-05,2021-05-17,3 wk ahead inc death
08,point,,4600,2021-06-12,2021-05-17,4 wk ahead inc case
08,point,,101,2021-06-12,2021-05-17,4 wk ahead inc death
09,point,,2101,2021-05-22,2021-05-17,1 wk ahead inc case
09,point,,36,2021-05-22,2021-05-17,1 wk ahead inc death
09,point,,1713,2021-05-29,2021-05-17,2 wk ahead inc case
09,point,,34,2021-05-29,2021-05-17,2 wk ahead inc death
09,point,,1376,2021-06-05,2021-05-17,3 wk ahead inc case
09,point,,32,2021-06-05,2021-05-17,3 wk ahead inc death
09,point,,964,2021-06-12,2021-05-17,4 wk ahead inc case
09,point,,31,2021-06-12,2021-05-17,4 wk ahead inc death
10,point,,765,2021-05-22,2021-05-17,1 wk ahead inc case
10,point,,11,2021-05-22,2021-05-17,1 wk ahead inc death
10,point,,655,2021-05-29,2021-05-17,2 wk ahead inc case
10,point,,11,2021-05-29,2021-05-17,2 wk ahead inc death
10,point,,589,2021-06-05,2021-05-17,3 wk ahead inc case
10,point,,11,2021-06-05,2021-05-17,3 wk ahead inc death
10,point,,542,2021-06-12,2021-05-17,4 wk ahead inc case
10,point,,11,2021-06-12,2021-05-17,4 wk ahead inc death
11,point,,314,2021-05-22,2021-05-17,1 wk ahead inc case
11,point,,6,2021-05-22,2021-05-17,1 wk ahead inc death
11,point,,329,2021-05-29,2021-05-17,2 wk ahead inc case
11,point,,7,2021-05-29,2021-05-17,2 wk ahead inc death
11,point,,333,2021-06-05,2021-05-17,3 wk ahead inc case
11,point,,7,2021-06-05,2021-05-17,3 wk ahead inc death
11,point,,336,2021-06-12,2021-05-17,4 wk ahead inc case
11,point,,7,2021-06-12,2021-05-17,4 wk ahead inc death
12,point,,19244,2021-05-22,2021-05-17,1 wk ahead inc case
12,point,,402,2021-05-22,2021-05-17,1 wk ahead inc death
12,point,,16562,2021-05-29,2021-05-17,2 wk ahead inc case
12,point,,389,2021-05-29,2021-05-17,2 wk ahead inc death
12,point,,13962,2021-06-05,2021-05-17,3 wk ahead inc case
12,point,,377,2021-06-05,2021-05-17,3 wk ahead inc death
12,point,,11778,2021-06-12,2021-05-17,4 wk ahead inc case
12,point,,376,2021-06-12,2021-05-17,4 wk ahead inc death
13,point,,5012,2021-05-22,2021-05-17,1 wk ahead inc case
13,point,,133,2021-05-22,2021-05-17,1 wk ahead inc death
13,point,,4511,2021-05-29,2021-05-17,2 wk ahead inc case
13,point,,127,2021-05-29,2021-05-17,2 wk ahead inc death
13,point,,4137,2021-06-05,2021-05-17,3 wk ahead inc case
13,point,,125,2021-06-05,2021-05-17,3 wk ahead inc death
13,point,,3791,2021-06-12,2021-05-17,4 wk ahead inc case
13,point,,123,2021-06-12,2021-05-17,4 wk ahead inc death
15,point,,663,2021-05-22,2021-05-17,1 wk ahead inc case
15,point,,5,2021-05-22,2021-05-17,1 wk ahead inc death
15,point,,665,2021-05-29,2021-05-17,2 wk ahead inc case
15,point,,5,2021-05-29,2021-05-17,2 wk ahead inc death
15,point,,671,2021-06-05,2021-05-17,3 wk ahead inc case
15,point,,5,2021-06-05,2021-05-17,3 wk ahead inc death
15,point,,679,2021-06-12,2021-05-17,4 wk ahead inc case
15,point,,5,2021-06-12,2021-05-17,4 wk ahead inc death
16,point,,1120,2021-05-22,2021-05-17,1 wk ahead inc case
16,point,,8,2021-05-22,2021-05-17,1 wk ahead inc death
16,point,,1072,2021-05-29,2021-05-17,2 wk ahead inc case
16,point,,7,2021-05-29,2021-05-17,2 wk ahead inc death
16,point,,1035,2021-06-05,2021-05-17,3 wk ahead inc case
16,point,,7,2021-06-05,2021-05-17,3 wk ahead inc death
16,point,,997,2021-06-12,2021-05-17,4 wk ahead inc case
16,point,,8,2021-06-12,2021-05-17,4 wk ahead inc death
17,point,,9049,2021-05-22,2021-05-17,1 wk ahead inc case
17,point,,244,2021-05-22,2021-05-17,1 wk ahead inc death
17,point,,6905,2021-05-29,2021-05-17,2 wk ahead inc case
17,point,,252,2021-05-29,2021-05-17,2 wk ahead inc death
17,point,,5174,2021-06-05,2021-05-17,3 wk ahead inc case
17,point,,259,2021-06-05,2021-05-17,3 wk ahead inc death
17,point,,3846,2021-06-12,2021-05-17,4 wk ahead inc case
17,point,,265,2021-06-12,2021-05-17,4 wk ahead inc death
18,point,,5581,2021-05-22,2021-05-17,1 wk ahead inc case
18,point,,63,2021-05-22,2021-05-17,1 wk ahead inc death
18,point,,5444,2021-05-29,2021-05-17,2 wk ahead inc case
18,point,,60,2021-05-29,2021-05-17,2 wk ahead inc death
18,point,,5156,2021-06-05,2021-05-17,3 wk ahead inc case
18,point,,60,2021-06-05,2021-05-17,3 wk ahead inc death
18,point,,4853,2021-06-12,2021-05-17,4 wk ahead inc case
18,point,,59,2021-06-12,2021-05-17,4 wk ahead inc death
19,point,,1305,2021-05-22,2021-05-17,1 wk ahead inc case
19,point,,26,2021-05-22,2021-05-17,1 wk ahead inc death
19,point,,1033,2021-05-29,2021-05-17,2 wk ahead inc case
19,point,,25,2021-05-29,2021-05-17,2 wk ahead inc death
19,point,,853,2021-06-05,2021-05-17,3 wk ahead inc case
19,point,,22,2021-06-05,2021-05-17,3 wk ahead inc death
19,point,,686,2021-06-12,2021-05-17,4 wk ahead inc case
19,point,,22,2021-06-12,2021-05-17,4 wk ahead inc death
20,point,,1270,2021-05-22,2021-05-17,1 wk ahead inc case
20,point,,26,2021-05-22,2021-05-17,1 wk ahead inc death
20,point,,1359,2021-05-29,2021-05-17,2 wk ahead inc case
20,point,,27,2021-05-29,2021-05-17,2 wk ahead inc death
20,point,,1514,2021-06-05,2021-05-17,3 wk ahead inc case
20,point,,28,2021-06-05,2021-05-17,3 wk ahead inc death
20,point,,1658,2021-06-12,2021-05-17,4 wk ahead inc case
20,point,,29,2021-06-12,2021-05-17,4 wk ahead inc death
21,point,,3438,2021-05-22,2021-05-17,1 wk ahead inc case
21,point,,67,2021-05-22,2021-05-17,1 wk ahead inc death
21,point,,3417,2021-05-29,2021-05-17,2 wk ahead inc case
21,point,,63,2021-05-29,2021-05-17,2 wk ahead inc death
21,point,,3404,2021-06-05,2021-05-17,3 wk ahead inc case
21,point,,61,2021-06-05,2021-05-17,3 wk ahead inc death
21,point,,3442,2021-06-12,2021-05-17,4 wk ahead inc case
21,point,,58,2021-06-12,2021-05-17,4 wk ahead inc death
22,point,,3041,2021-05-22,2021-05-17,1 wk ahead inc case
22,point,,47,2021-05-22,2021-05-17,1 wk ahead inc death
22,point,,3027,2021-05-29,2021-05-17,2 wk ahead inc case
22,point,,47,2021-05-29,2021-05-17,2 wk ahead inc death
22,point,,3045,2021-06-05,2021-05-17,3 wk ahead inc case
22,point,,46,2021-06-05,2021-05-17,3 wk ahead inc death
22,point,,3052,2021-06-12,2021-05-17,4 wk ahead inc case
22,point,,45,2021-06-12,2021-05-17,4 wk ahead inc death
23,point,,1575,2021-05-22,2021-05-17,1 wk ahead inc case
23,point,,5,2021-05-22,2021-05-17,1 wk ahead inc death
23,point,,1508,2021-05-29,2021-05-17,2 wk ahead inc case
23,point,,5,2021-05-29,2021-05-17,2 wk ahead inc death
23,point,,1480,2021-06-05,2021-05-17,3 wk ahead inc case
23,point,,5,2021-06-05,2021-05-17,3 wk ahead inc death
23,point,,1470,2021-06-12,2021-05-17,4 wk ahead inc case
23,point,,5,2021-06-12,2021-05-17,4 wk ahead inc death
24,point,,2229,2021-05-22,2021-05-17,1 wk ahead inc case
24,point,,81,2021-05-22,2021-05-17,1 wk ahead inc death
24,point,,1567,2021-05-29,2021-05-17,2 wk ahead inc case
24,point,,78,2021-05-29,2021-05-17,2 wk ahead inc death
24,point,,1137,2021-06-05,2021-05-17,3 wk ahead inc case
24,point,,75,2021-06-05,2021-05-17,3 wk ahead inc death
24,point,,803,2021-06-12,2021-05-17,4 wk ahead inc case
24,point,,71,2021-06-12,2021-05-17,4 wk ahead inc death
25,point,,3792,2021-05-22,2021-05-17,1 wk ahead inc case
25,point,,58,2021-05-22,2021-05-17,1 wk ahead inc death
25,point,,3477,2021-05-29,2021-05-17,2 wk ahead inc case
25,point,,58,2021-05-29,2021-05-17,2 wk ahead inc death
25,point,,3119,2021-06-05,2021-05-17,3 wk ahead inc case
25,point,,55,2021-06-05,2021-05-17,3 wk ahead inc death
25,point,,2989,2021-06-12,2021-05-17,4 wk ahead inc case
25,point,,53,2021-06-12,2021-05-17,4 wk ahead inc death
26,point,,11276,2021-05-22,2021-05-17,1 wk ahead inc case
26,point,,428,2021-05-22,2021-05-17,1 wk ahead inc death
26,point,,9619,2021-05-29,2021-05-17,2 wk ahead inc case
26,point,,413,2021-05-29,2021-05-17,2 wk ahead inc death
26,point,,8666,2021-06-05,2021-05-17,3 wk ahead inc case
26,point,,410,2021-06-05,2021-05-17,3 wk ahead inc death
26,point,,8224,2021-06-12,2021-05-17,4 wk ahead inc case
26,point,,408,2021-06-12,2021-05-17,4 wk ahead inc death
27,point,,5420,2021-05-22,2021-05-17,1 wk ahead inc case
27,point,,56,2021-05-22,2021-05-17,1 wk ahead inc death
27,point,,4344,2021-05-29,2021-05-17,2 wk ahead inc case
27,point,,46,2021-05-29,2021-05-17,2 wk ahead inc death
27,point,,3599,2021-06-05,2021-05-17,3 wk ahead inc case
27,point,,36,2021-06-05,2021-05-17,3 wk ahead inc death
27,point,,3182,2021-06-12,2021-05-17,4 wk ahead inc case
27,point,,27,2021-06-12,2021-05-17,4 wk ahead inc death
28,point,,1066,2021-05-22,2021-05-17,1 wk ahead inc case
28,point,,23,2021-05-22,2021-05-17,1 wk ahead inc death
28,point,,1012,2021-05-29,2021-05-17,2 wk ahead inc case
28,point,,22,2021-05-29,2021-05-17,2 wk ahead inc death
28,point,,962,2021-06-05,2021-05-17,3 wk ahead inc case
28,point,,21,2021-06-05,2021-05-17,3 wk ahead inc death
28,point,,913,2021-06-12,2021-05-17,4 wk ahead inc case
28,point,,19,2021-06-12,2021-05-17,4 wk ahead inc death
29,point,,2936,2021-05-22,2021-05-17,1 wk ahead inc case
29,point,,79,2021-05-22,2021-05-17,1 wk ahead inc death
29,point,,2954,2021-05-29,2021-05-17,2 wk ahead inc case
29,point,,78,2021-05-29,2021-05-17,2 wk ahead inc death
29,point,,2786,2021-06-05,2021-05-17,3 wk ahead inc case
29,point,,81,2021-06-05,2021-05-17,3 wk ahead inc death
29,point,,2623,2021-06-12,2021-05-17,4 wk ahead inc case
29,point,,84,2021-06-12,2021-05-17,4 wk ahead inc death
30,point,,670,2021-05-22,2021-05-17,1 wk ahead inc case
30,point,,13,2021-05-22,2021-05-17,1 wk ahead inc death
30,point,,615,2021-05-29,2021-05-17,2 wk ahead inc case
30,point,,14,2021-05-29,2021-05-17,2 wk ahead inc death
30,point,,623,2021-06-05,2021-05-17,3 wk ahead inc case
30,point,,14,2021-06-05,2021-05-17,3 wk ahead inc death
30,point,,621,2021-06-12,2021-05-17,4 wk ahead inc case
30,point,,14,2021-06-12,2021-05-17,4 wk ahead inc death
31,point,,374,2021-05-22,2021-05-17,1 wk ahead inc case
31,point,,13,2021-05-22,2021-05-17,1 wk ahead inc death
31,point,,249,2021-05-29,2021-05-17,2 wk ahead inc case
31,point,,16,2021-05-29,2021-05-17,2 wk ahead inc death
31,point,,129,2021-06-05,2021-05-17,3 wk ahead inc case
31,point,,13,2021-06-05,2021-05-17,3 wk ahead inc death
31,point,,67,2021-06-12,2021-05-17,4 wk ahead inc case
31,point,,13,2021-06-12,2021-05-17,4 wk ahead inc death
32,point,,2076,2021-05-22,2021-05-17,1 wk ahead inc case
32,point,,32,2021-05-22,2021-05-17,1 wk ahead inc death
32,point,,1836,2021-05-29,2021-05-17,2 wk ahead inc case
32,point,,31,2021-05-29,2021-05-17,2 wk ahead inc death
32,point,,1694,2021-06-05,2021-05-17,3 wk ahead inc case
32,point,,31,2021-06-05,2021-05-17,3 wk ahead inc death
32,point,,1600,2021-06-12,2021-05-17,4 wk ahead inc case
32,point,,31,2021-06-12,2021-05-17,4 wk ahead inc death
33,point,,949,2021-05-22,2021-05-17,1 wk ahead inc case
33,point,,17,2021-05-22,2021-05-17,1 wk ahead inc death
33,point,,925,2021-05-29,2021-05-17,2 wk ahead inc case
33,point,,19,2021-05-29,2021-05-17,2 wk ahead inc death
33,point,,929,2021-06-05,2021-05-17,3 wk ahead inc case
33,point,,18,2021-06-05,2021-05-17,3 wk ahead inc death
33,point,,937,2021-06-12,2021-05-17,4 wk ahead inc case
33,point,,18,2021-06-12,2021-05-17,4 wk ahead inc death
34,point,,2388,2021-05-22,2021-05-17,1 wk ahead inc case
34,point,,153,2021-05-22,2021-05-17,1 wk ahead inc death
34,point,,2026,2021-05-29,2021-05-17,2 wk ahead inc case
34,point,,146,2021-05-29,2021-05-17,2 wk ahead inc death
34,point,,2109,2021-06-05,2021-05-17,3 wk ahead inc case
34,point,,133,2021-06-05,2021-05-17,3 wk ahead inc death
34,point,,2195,2021-06-12,2021-05-17,4 wk ahead inc case
34,point,,120,2021-06-12,2021-05-17,4 wk ahead inc death
35,point,,1163,2021-05-22,2021-05-17,1 wk ahead inc case
35,point,,15,2021-05-22,2021-05-17,1 wk ahead inc death
35,point,,1018,2021-05-29,2021-05-17,2 wk ahead inc case
35,point,,12,2021-05-29,2021-05-17,2 wk ahead inc death
35,point,,905,2021-06-05,2021-05-17,3 wk ahead inc case
35,point,,10,2021-06-05,2021-05-17,3 wk ahead inc death
35,point,,819,2021-06-12,2021-05-17,4 wk ahead inc case
35,point,,8,2021-06-12,2021-05-17,4 wk ahead inc death
36,point,,11276,2021-05-22,2021-05-17,1 wk ahead inc case
36,point,,203,2021-05-22,2021-05-17,1 wk ahead inc death
36,point,,8733,2021-05-29,2021-05-17,2 wk ahead inc case
36,point,,194,2021-05-29,2021-05-17,2 wk ahead inc death
36,point,,6896,2021-06-05,2021-05-17,3 wk ahead inc case
36,point,,187,2021-06-05,2021-05-17,3 wk ahead inc death
36,point,,5447,2021-06-12,2021-05-17,4 wk ahead inc case
36,point,,186,2021-06-12,2021-05-17,4 wk ahead inc death
37,point,,8996,2021-05-22,2021-05-17,1 wk ahead inc case
37,point,,93,2021-05-22,2021-05-17,1 wk ahead inc death
37,point,,8381,2021-05-29,2021-05-17,2 wk ahead inc case
37,point,,88,2021-05-29,2021-05-17,2 wk ahead inc death
37,point,,7863,2021-06-05,2021-05-17,3 wk ahead inc case
37,point,,86,2021-06-05,2021-05-17,3 wk ahead inc death
37,point,,7230,2021-06-12,2021-05-17,4 wk ahead inc case
37,point,,83,2021-06-12,2021-05-17,4 wk ahead inc death
38,point,,632,2021-05-22,2021-05-17,1 wk ahead inc case
38,point,,4,2021-05-22,2021-05-17,1 wk ahead inc death
38,point,,595,2021-05-29,2021-05-17,2 wk ahead inc case
38,point,,4,2021-05-29,2021-05-17,2 wk ahead inc death
38,point,,548,2021-06-05,2021-05-17,3 wk ahead inc case
38,point,,4,2021-06-05,2021-05-17,3 wk ahead inc death
38,point,,502,2021-06-12,2021-05-17,4 wk ahead inc case
38,point,,4,2021-06-12,2021-05-17,4 wk ahead inc death
39,point,,6408,2021-05-22,2021-05-17,1 wk ahead inc case
39,point,,0,2021-05-22,2021-05-17,1 wk ahead inc death
39,point,,6390,2021-05-29,2021-05-17,2 wk ahead inc case
39,point,,0,2021-05-29,2021-05-17,2 wk ahead inc death
39,point,,6591,2021-06-05,2021-05-17,3 wk ahead inc case
39,point,,0,2021-06-05,2021-05-17,3 wk ahead inc death
39,point,,6784,2021-06-12,2021-05-17,4 wk ahead inc case
39,point,,0,2021-06-12,2021-05-17,4 wk ahead inc death
40,point,,822,2021-05-22,2021-05-17,1 wk ahead inc case
40,point,,42,2021-05-22,2021-05-17,1 wk ahead inc death
40,point,,721,2021-05-29,2021-05-17,2 wk ahead inc case
40,point,,43,2021-05-29,2021-05-17,2 wk ahead inc death
40,point,,656,2021-06-05,2021-05-17,3 wk ahead inc case
40,point,,45,2021-06-05,2021-05-17,3 wk ahead inc death
40,point,,628,2021-06-12,2021-05-17,4 wk ahead inc case
40,point,,48,2021-06-12,2021-05-17,4 wk ahead inc death
41,point,,4034,2021-05-22,2021-05-17,1 wk ahead inc case
41,point,,53,2021-05-22,2021-05-17,1 wk ahead inc death
41,point,,3980,2021-05-29,2021-05-17,2 wk ahead inc case
41,point,,52,2021-05-29,2021-05-17,2 wk ahead inc death
41,point,,4023,2021-06-05,2021-05-17,3 wk ahead inc case
41,point,,48,2021-06-05,2021-05-17,3 wk ahead inc death
41,point,,4047,2021-06-12,2021-05-17,4 wk ahead inc case
41,point,,48,2021-06-12,2021-05-17,4 wk ahead inc death
42,point,,9711,2021-05-22,2021-05-17,1 wk ahead inc case
42,point,,217,2021-05-22,2021-05-17,1 wk ahead inc death
42,point,,8877,2021-05-29,2021-05-17,2 wk ahead inc case
42,point,,209,2021-05-29,2021-05-17,2 wk ahead inc death
42,point,,8881,2021-06-05,2021-05-17,3 wk ahead inc case
42,point,,193,2021-06-05,2021-05-17,3 wk ahead inc death
42,point,,8757,2021-06-12,2021-05-17,4 wk ahead inc case
42,point,,184,2021-06-12,2021-05-17,4 wk ahead inc death
44,point,,621,2021-05-22,2021-05-17,1 wk ahead inc case
44,point,,13,2021-05-22,2021-05-17,1 wk ahead inc death
44,point,,394,2021-05-29,2021-05-17,2 wk ahead inc case
44,point,,13,2021-05-29,2021-05-17,2 wk ahead inc death
44,point,,171,2021-06-05,2021-05-17,3 wk ahead inc case
44,point,,13,2021-06-05,2021-05-17,3 wk ahead inc death
44,point,,0,2021-06-12,2021-05-17,4 wk ahead inc case
44,point,,12,2021-06-12,2021-05-17,4 wk ahead inc death
45,point,,3679,2021-05-22,2021-05-17,1 wk ahead inc case
45,point,,65,2021-05-22,2021-05-17,1 wk ahead inc death
45,point,,3437,2021-05-29,2021-05-17,2 wk ahead inc case
45,point,,60,2021-05-29,2021-05-17,2 wk ahead inc death
45,point,,3135,2021-06-05,2021-05-17,3 wk ahead inc case
45,point,,58,2021-06-05,2021-05-17,3 wk ahead inc death
45,point,,2839,2021-06-12,2021-05-17,4 wk ahead inc case
45,point,,55,2021-06-12,2021-05-17,4 wk ahead inc death
46,point,,327,2021-05-22,2021-05-17,1 wk ahead inc case
46,point,,14,2021-05-22,2021-05-17,1 wk ahead inc death
46,point,,238,2021-05-29,2021-05-17,2 wk ahead inc case
46,point,,14,2021-05-29,2021-05-17,2 wk ahead inc death
46,point,,154,2021-06-05,2021-05-17,3 wk ahead inc case
46,point,,15,2021-06-05,2021-05-17,3 wk ahead inc death
46,point,,80,2021-06-12,2021-05-17,4 wk ahead inc case
46,point,,15,2021-06-12,2021-05-17,4 wk ahead inc death
47,point,,3446,2021-05-22,2021-05-17,1 wk ahead inc case
47,point,,51,2021-05-22,2021-05-17,1 wk ahead inc death
47,point,,3295,2021-05-29,2021-05-17,2 wk ahead inc case
47,point,,51,2021-05-29,2021-05-17,2 wk ahead inc death
47,point,,3299,2021-06-05,2021-05-17,3 wk ahead inc case
47,point,,51,2021-06-05,2021-05-17,3 wk ahead inc death
47,point,,3223,2021-06-12,2021-05-17,4 wk ahead inc case
47,point,,53,2021-06-12,2021-05-17,4 wk ahead inc death
48,point,,12620,2021-05-22,2021-05-17,1 wk ahead inc case
48,point,,293,2021-05-22,2021-05-17,1 wk ahead inc death
48,point,,11491,2021-05-29,2021-05-17,2 wk ahead inc case
48,point,,273,2021-05-29,2021-05-17,2 wk ahead inc death
48,point,,10422,2021-06-05,2021-05-17,3 wk ahead inc case
48,point,,255,2021-06-05,2021-05-17,3 wk ahead inc death
48,point,,9871,2021-06-12,2021-05-17,4 wk ahead inc case
48,point,,238,2021-06-12,2021-05-17,4 wk ahead inc death
49,point,,2135,2021-05-22,2021-05-17,1 wk ahead inc case
49,point,,27,2021-05-22,2021-05-17,1 wk ahead inc death
49,point,,2154,2021-05-29,2021-05-17,2 wk ahead inc case
49,point,,28,2021-05-29,2021-05-17,2 wk ahead inc death
49,point,,2139,2021-06-05,2021-05-17,3 wk ahead inc case
49,point,,28,2021-06-05,2021-05-17,3 wk ahead inc death
49,point,,2130,2021-06-12,2021-05-17,4 wk ahead inc case
49,point,,28,2021-06-12,2021-05-17,4 wk ahead inc death
50,point,,303,2021-05-22,2021-05-17,1 wk ahead inc case
50,point,,2,2021-05-22,2021-05-17,1 wk ahead inc death
50,point,,275,2021-05-29,2021-05-17,2 wk ahead inc case
50,point,,2,2021-05-29,2021-05-17,2 wk ahead inc death
50,point,,238,2021-06-05,2021-05-17,3 wk ahead inc case
50,point,,2,2021-06-05,2021-05-17,3 wk ahead inc death
50,point,,204,2021-06-12,2021-05-17,4 wk ahead inc case
50,point,,2,2021-06-12,2021-05-17,4 wk ahead inc death
51,point,,2729,2021-05-22,2021-05-17,1 wk ahead inc case
51,point,,185,2021-05-22,2021-05-17,1 wk ahead inc death
51,point,,2377,2021-05-29,2021-05-17,2 wk ahead inc case
51,point,,211,2021-05-29,2021-05-17,2 wk ahead inc death
51,point,,2315,2021-06-05,2021-05-17,3 wk ahead inc case
51,point,,239,2021-06-05,2021-05-17,3 wk ahead inc death
51,point,,2379,2021-06-12,2021-05-17,4 wk ahead inc case
51,point,,261,2021-06-12,2021-05-17,4 wk ahead inc death
53,point,,8664,2021-05-22,2021-05-17,1 wk ahead inc case
53,point,,60,2021-05-22,2021-05-17,1 wk ahead inc death
53,point,,8647,2021-05-29,2021-05-17,2 wk ahead inc case
53,point,,63,2021-05-29,2021-05-17,2 wk ahead inc death
53,point,,8622,2021-06-05,2021-05-17,3 wk ahead inc case
53,point,,65,2021-06-05,2021-05-17,3 wk ahead inc death
53,point,,8746,2021-06-12,2021-05-17,4 wk ahead inc case
53,point,,67,2021-06-12,2021-05-17,4 wk ahead inc death
54,point,,1865,2021-05-22,2021-05-17,1 wk ahead inc case
54,point,,38,2021-05-22,2021-05-17,1 wk ahead inc death
54,point,,1768,2021-05-29,2021-05-17,2 wk ahead inc case
54,point,,35,2021-05-29,2021-05-17,2 wk ahead inc death
54,point,,1667,2021-06-05,2021-05-17,3 wk ahead inc case
54,point,,37,2021-06-05,2021-05-17,3 wk ahead inc death
54,point,,1560,2021-06-12,2021-05-17,4 wk ahead inc case
54,point,,37,2021-06-12,2021-05-17,4 wk ahead inc death
55,point,,2493,2021-05-22,2021-05-17,1 wk ahead inc case
55,point,,64,2021-05-22,2021-05-17,1 wk ahead inc death
55,point,,2082,2021-05-29,2021-05-17,2 wk ahead inc case
55,point,,65,2021-05-29,2021-05-17,2 wk ahead inc death
55,point,,1586,2021-06-05,2021-05-17,3 wk ahead inc case
55,point,,64,2021-06-05,2021-05-17,3 wk ahead inc death
55,point,,1475,2021-06-12,2021-05-17,4 wk ahead inc case
55,point,,63,2021-06-12,2021-05-17,4 wk ahead inc death
56,point,,468,2021-05-22,2021-05-17,1 wk ahead inc case
56,point,,2,2021-05-22,2021-05-17,1 wk ahead inc death
56,point,,474,2021-05-29,2021-05-17,2 wk ahead inc case
56,point,,2,2021-05-29,2021-05-17,2 wk ahead inc death
56,point,,483,2021-06-05,2021-05-17,3 wk ahead inc case
56,point,,2,2021-06-05,2021-05-17,3 wk ahead inc death
56,point,,485,2021-06-12,2021-05-17,4 wk ahead inc case
56,point,,2,2021-06-12,2021-05-17,4 wk ahead inc death
US,point,,192027,2021-05-22,2021-05-17,1 wk ahead inc case
US,point,,3946,2021-05-22,2021-05-17,1 wk ahead inc death
US,point,,157040,2021-05-29,2021-05-17,2 wk ahead inc case
US,point,,3713,2021-05-29,2021-05-17,2 wk ahead inc death
US,point,,130002,2021-06-05,2021-05-17,3 wk ahead inc case
US,point,,3522,2021-06-05,2021-05-17,3 wk ahead inc death
US,point,,106431,2021-06-12,2021-05-17,4 wk ahead inc case
US,point,,3347,2021-06-12,2021-05-17,4 wk ahead inc death
01,point,,2143,2021-05-29,2021-05-24,1 wk ahead inc case
01,point,,78,2021-05-29,2021-05-24,1 wk ahead inc death
01,point,,1967,2021-06-05,2021-05-24,2 wk ahead inc case
01,point,,78,2021-06-05,2021-05-24,2 wk ahead inc death
01,point,,1792,2021-06-12,2021-05-24,3 wk ahead inc case
01,point,,82,2021-06-12,2021-05-24,3 wk ahead inc death
01,point,,1670,2021-06-19,2021-05-24,4 wk ahead inc case
01,point,,85,2021-06-19,2021-05-24,4 wk ahead inc death
02,point,,455,2021-05-29,2021-05-24,1 wk ahead inc case
02,point,,2,2021-05-29,2021-05-24,1 wk ahead inc death
02,point,,410,2021-06-05,2021-05-24,2 wk ahead inc case
02,point,,1,2021-06-05,2021-05-24,2 wk ahead inc death
02,point,,359,2021-06-12,2021-05-24,3 wk ahead inc case
02,point,,1,2021-06-12,2021-05-24,3 wk ahead inc death
02,point,,301,2021-06-19,2021-05-24,4 wk ahead inc case
02,point,,1,2021-06-19,2021-05-24,4 wk ahead inc death
04,point,,3235,2021-05-29,2021-05-24,1 wk ahead inc case
04,point,,90,2021-05-29,2021-05-24,1 wk ahead inc death
04,point,,3111,2021-06-05,2021-05-24,2 wk ahead inc case
04,point,,94,2021-06-05,2021-05-24,2 wk ahead inc death
04,point,,3002,2021-06-12,2021-05-24,3 wk ahead inc case
04,point,,97,2021-06-12,2021-05-24,3 wk ahead inc death
04,point,,2948,2021-06-19,2021-05-24,4 wk ahead inc case
04,point,,98,2021-06-19,2021-05-24,4 wk ahead inc death
05,point,,1323,2021-05-29,2021-05-24,1 wk ahead inc case
05,point,,30,2021-05-29,2021-05-24,1 wk ahead inc death
05,point,,1345,2021-06-05,2021-05-24,2 wk ahead inc case
05,point,,28,2021-06-05,2021-05-24,2 wk ahead inc death
05,point,,1379,2021-06-12,2021-05-24,3 wk ahead inc case
05,point,,29,2021-06-12,2021-05-24,3 wk ahead inc death
05,point,,1386,2021-06-19,2021-05-24,4 wk ahead inc case
05,point,,29,2021-06-19,2021-05-24,4 wk ahead inc death
06,point,,6551,2021-05-29,2021-05-24,1 wk ahead inc case
06,point,,237,2021-05-29,2021-05-24,1 wk ahead inc death
06,point,,5713,2021-06-05,2021-05-24,2 wk ahead inc case
06,point,,188,2021-06-05,2021-05-24,2 wk ahead inc death
06,point,,5012,2021-06-12,2021-05-24,3 wk ahead inc case
06,point,,144,2021-06-12,2021-05-24,3 wk ahead inc death
06,point,,4472,2021-06-19,2021-05-24,4 wk ahead inc case
06,point,,116,2021-06-19,2021-05-24,4 wk ahead inc death
08,point,,4531,2021-05-29,2021-05-24,1 wk ahead inc case
08,point,,70,2021-05-29,2021-05-24,1 wk ahead inc death
08,point,,3577,2021-06-05,2021-05-24,2 wk ahead inc case
08,point,,72,2021-06-05,2021-05-24,2 wk ahead inc death
08,point,,2767,2021-06-12,2021-05-24,3 wk ahead inc case
08,point,,75,2021-06-12,2021-05-24,3 wk ahead inc death
08,point,,2184,2021-06-19,2021-05-24,4 wk ahead inc case
08,point,,77,2021-06-19,2021-05-24,4 wk ahead inc death
09,point,,1349,2021-05-29,2021-05-24,1 wk ahead inc case
09,point,,37,2021-05-29,2021-05-24,1 wk ahead inc death
09,point,,895,2021-06-05,2021-05-24,2 wk ahead inc case
09,point,,38,2021-06-05,2021-05-24,2 wk ahead inc death
09,point,,576,2021-06-12,2021-05-24,3 wk ahead inc case
09,point,,37,2021-06-12,2021-05-24,3 wk ahead inc death
09,point,,196,2021-06-19,2021-05-24,4 wk ahead inc case
09,point,,38,2021-06-19,2021-05-24,4 wk ahead inc death
10,point,,613,2021-05-29,2021-05-24,1 wk ahead inc case
10,point,,8,2021-05-29,2021-05-24,1 wk ahead inc death
10,point,,549,2021-06-05,2021-05-24,2 wk ahead inc case
10,point,,9,2021-06-05,2021-05-24,2 wk ahead inc death
10,point,,495,2021-06-12,2021-05-24,3 wk ahead inc case
10,point,,9,2021-06-12,2021-05-24,3 wk ahead inc death
10,point,,463,2021-06-19,2021-05-24,4 wk ahead inc case
10,point,,9,2021-06-19,2021-05-24,4 wk ahead inc death
11,point,,195,2021-05-29,2021-05-24,1 wk ahead inc case
11,point,,8,2021-05-29,2021-05-24,1 wk ahead inc death
11,point,,196,2021-06-05,2021-05-24,2 wk ahead inc case
11,point,,7,2021-06-05,2021-05-24,2 wk ahead inc death
11,point,,201,2021-06-12,2021-05-24,3 wk ahead inc case
11,point,,7,2021-06-12,2021-05-24,3 wk ahead inc death
11,point,,200,2021-06-19,2021-05-24,4 wk ahead inc case
11,point,,7,2021-06-19,2021-05-24,4 wk ahead inc death
12,point,,15775,2021-05-29,2021-05-24,1 wk ahead inc case
12,point,,372,2021-05-29,2021-05-24,1 wk ahead inc death
12,point,,13417,2021-06-05,2021-05-24,2 wk ahead inc case
12,point,,363,2021-06-05,2021-05-24,2 wk ahead inc death
12,point,,11224,2021-06-12,2021-05-24,3 wk ahead inc case
12,point,,353,2021-06-12,2021-05-24,3 wk ahead inc death
12,point,,9448,2021-06-19,2021-05-24,4 wk ahead inc case
12,point,,343,2021-06-19,2021-05-24,4 wk ahead inc death
13,point,,3526,2021-05-29,2021-05-24,1 wk ahead inc case
13,point,,156,2021-05-29,2021-05-24,1 wk ahead inc death
13,point,,2832,2021-06-05,2021-05-24,2 wk ahead inc case
13,point,,156,2021-06-05,2021-05-24,2 wk ahead inc death
13,point,,2242,2021-06-12,2021-05-24,3 wk ahead inc case
13,point,,156,2021-06-12,2021-05-24,3 wk ahead inc death
13,point,,1786,2021-06-19,2021-05-24,4 wk ahead inc case
13,point,,159,2021-06-19,2021-05-24,4 wk ahead inc death
15,point,,520,2021-05-29,2021-05-24,1 wk ahead inc case
15,point,,4,2021-05-29,2021-05-24,1 wk ahead inc death
15,point,,552,2021-06-05,2021-05-24,2 wk ahead inc case
15,point,,4,2021-06-05,2021-05-24,2 wk ahead inc death
15,point,,555,2021-06-12,2021-05-24,3 wk ahead inc case
15,point,,4,2021-06-12,2021-05-24,3 wk ahead inc death
15,point,,557,2021-06-19,2021-05-24,4 wk ahead inc case
15,point,,4,2021-06-19,2021-05-24,4 wk ahead inc death
16,point,,1174,2021-05-29,2021-05-24,1 wk ahead inc case
16,point,,11,2021-05-29,2021-05-24,1 wk ahead inc death
16,point,,1165,2021-06-05,2021-05-24,2 wk ahead inc case
16,point,,11,2021-06-05,2021-05-24,2 wk ahead inc death
16,point,,1157,2021-06-12,2021-05-24,3 wk ahead inc case
16,point,,12,2021-06-12,2021-05-24,3 wk ahead inc death
16,point,,1146,2021-06-19,2021-05-24,4 wk ahead inc case
16,point,,12,2021-06-19,2021-05-24,4 wk ahead inc death
17,point,,6879,2021-05-29,2021-05-24,1 wk ahead inc case
17,point,,217,2021-05-29,2021-05-24,1 wk ahead inc death
17,point,,5312,2021-06-05,2021-05-24,2 wk ahead inc case
17,point,,213,2021-06-05,2021-05-24,2 wk ahead inc death
17,point,,3997,2021-06-12,2021-05-24,3 wk ahead inc case
17,point,,216,2021-06-12,2021-05-24,3 wk ahead inc death
17,point,,3014,2021-06-19,2021-05-24,4 wk ahead inc case
17,point,,215,2021-06-19,2021-05-24,4 wk ahead inc death
18,point,,3815,2021-05-29,2021-05-24,1 wk ahead inc case
18,point,,82,2021-05-29,2021-05-24,1 wk ahead inc death
18,point,,3074,2021-06-05,2021-05-24,2 wk ahead inc case
18,point,,84,2021-06-05,2021-05-24,2 wk ahead inc death
18,point,,2391,2021-06-12,2021-05-24,3 wk ahead inc case
18,point,,86,2021-06-12,2021-05-24,3 wk ahead inc death
18,point,,1867,2021-06-19,2021-05-24,4 wk ahead inc case
18,point,,87,2021-06-19,2021-05-24,4 wk ahead inc death
19,point,,1112,2021-05-29,2021-05-24,1 wk ahead inc case
19,point,,32,2021-05-29,2021-05-24,1 wk ahead inc death
19,point,,940,2021-06-05,2021-05-24,2 wk ahead inc case
19,point,,31,2021-06-05,2021-05-24,2 wk ahead inc death
19,point,,844,2021-06-12,2021-05-24,3 wk ahead inc case
19,point,,31,2021-06-12,2021-05-24,3 wk ahead inc death
19,point,,756,2021-06-19,2021-05-24,4 wk ahead inc case
19,point,,31,2021-06-19,2021-05-24,4 wk ahead inc death
20,point,,1336,2021-05-29,2021-05-24,1 wk ahead inc case
20,point,,23,2021-05-29,2021-05-24,1 wk ahead inc death
20,point,,1466,2021-06-05,2021-05-24,2 wk ahead inc case
20,point,,23,2021-06-05,2021-05-24,2 wk ahead inc death
20,point,,1587,2021-06-12,2021-05-24,3 wk ahead inc case
20,point,,24,2021-06-12,2021-05-24,3 wk ahead inc death
20,point,,1768,2021-06-19,2021-05-24,4 wk ahead inc case
20,point,,25,2021-06-19,2021-05-24,4 wk ahead inc death
21,point,,3044,2021-05-29,2021-05-24,1 wk ahead inc case
21,point,,59,2021-05-29,2021-05-24,1 wk ahead inc death
21,point,,2945,2021-06-05,2021-05-24,2 wk ahead inc case
21,point,,56,2021-06-05,2021-05-24,2 wk ahead inc death
21,point,,2824,2021-06-12,2021-05-24,3 wk ahead inc case
21,point,,55,2021-06-12,2021-05-24,3 wk ahead inc death
21,point,,2755,2021-06-19,2021-05-24,4 wk ahead inc case
21,point,,52,2021-06-19,2021-05-24,4 wk ahead inc death
22,point,,3056,2021-05-29,2021-05-24,1 wk ahead inc case
22,point,,46,2021-05-29,2021-05-24,1 wk ahead inc death
22,point,,3070,2021-06-05,2021-05-24,2 wk ahead inc case
22,point,,45,2021-06-05,2021-05-24,2 wk ahead inc death
22,point,,3101,2021-06-12,2021-05-24,3 wk ahead inc case
22,point,,45,2021-06-12,2021-05-24,3 wk ahead inc death
22,point,,3154,2021-06-19,2021-05-24,4 wk ahead inc case
22,point,,45,2021-06-19,2021-05-24,4 wk ahead inc death
23,point,,1065,2021-05-29,2021-05-24,1 wk ahead inc case
23,point,,14,2021-05-29,2021-05-24,1 wk ahead inc death
23,point,,975,2021-06-05,2021-05-24,2 wk ahead inc case
23,point,,15,2021-06-05,2021-05-24,2 wk ahead inc death
23,point,,905,2021-06-12,2021-05-24,3 wk ahead inc case
23,point,,16,2021-06-12,2021-05-24,3 wk ahead inc death
23,point,,870,2021-06-19,2021-05-24,4 wk ahead inc case
23,point,,17,2021-06-19,2021-05-24,4 wk ahead inc death
24,point,,1905,2021-05-29,2021-05-24,1 wk ahead inc case
24,point,,65,2021-05-29,2021-05-24,1 wk ahead inc death
24,point,,1650,2021-06-05,2021-05-24,2 wk ahead inc case
24,point,,59,2021-06-05,2021-05-24,2 wk ahead inc death
24,point,,1448,2021-06-12,2021-05-24,3 wk ahead inc case
24,point,,58,2021-06-12,2021-05-24,3 wk ahead inc death
24,point,,1289,2021-06-19,2021-05-24,4 wk ahead inc case
24,point,,56,2021-06-19,2021-05-24,4 wk ahead inc death
25,point,,2221,2021-05-29,2021-05-24,1 wk ahead inc case
25,point,,71,2021-05-29,2021-05-24,1 wk ahead inc death
25,point,,1599,2021-06-05,2021-05-24,2 wk ahead inc case
25,point,,72,2021-06-05,2021-05-24,2 wk ahead inc death
25,point,,1298,2021-06-12,2021-05-24,3 wk ahead inc case
25,point,,72,2021-06-12,2021-05-24,3 wk ahead inc death
25,point,,1030,2021-06-19,2021-05-24,4 wk ahead inc case
25,point,,73,2021-06-19,2021-05-24,4 wk ahead inc death
26,point,,8255,2021-05-29,2021-05-24,1 wk ahead inc case
26,point,,353,2021-05-29,2021-05-24,1 wk ahead inc death
26,point,,7450,2021-06-05,2021-05-24,2 wk ahead inc case
26,point,,333,2021-06-05,2021-05-24,2 wk ahead inc death
26,point,,6966,2021-06-12,2021-05-24,3 wk ahead inc case
26,point,,324,2021-06-12,2021-05-24,3 wk ahead inc death
26,point,,6603,2021-06-19,2021-05-24,4 wk ahead inc case
26,point,,318,2021-06-19,2021-05-24,4 wk ahead inc death
27,point,,3240,2021-05-29,2021-05-24,1 wk ahead inc case
27,point,,65,2021-05-29,2021-05-24,1 wk ahead inc death
27,point,,2342,2021-06-05,2021-05-24,2 wk ahead inc case
27,point,,62,2021-06-05,2021-05-24,2 wk ahead inc death
27,point,,1690,2021-06-12,2021-05-24,3 wk ahead inc case
27,point,,60,2021-06-12,2021-05-24,3 wk ahead inc death
27,point,,1387,2021-06-19,2021-05-24,4 wk ahead inc case
27,point,,58,2021-06-19,2021-05-24,4 wk ahead inc death
28,point,,1219,2021-05-29,2021-05-24,1 wk ahead inc case
28,point,,23,2021-05-29,2021-05-24,1 wk ahead inc death
28,point,,1175,2021-06-05,2021-05-24,2 wk ahead inc case
28,point,,22,2021-06-05,2021-05-24,2 wk ahead inc death
28,point,,1108,2021-06-12,2021-05-24,3 wk ahead inc case
28,point,,21,2021-06-12,2021-05-24,3 wk ahead inc death
28,point,,1071,2021-06-19,2021-05-24,4 wk ahead inc case
28,point,,20,2021-06-19,2021-05-24,4 wk ahead inc death
29,point,,2777,2021-05-29,2021-05-24,1 wk ahead inc case
29,point,,92,2021-05-29,2021-05-24,1 wk ahead inc death
29,point,,2748,2021-06-05,2021-05-24,2 wk ahead inc case
29,point,,108,2021-06-05,2021-05-24,2 wk ahead inc death
29,point,,2635,2021-06-12,2021-05-24,3 wk ahead inc case
29,point,,107,2021-06-12,2021-05-24,3 wk ahead inc death
29,point,,2503,2021-06-19,2021-05-24,4 wk ahead inc case
29,point,,111,2021-06-19,2021-05-24,4 wk ahead inc death
30,point,,375,2021-05-29,2021-05-24,1 wk ahead inc case
30,point,,8,2021-05-29,2021-05-24,1 wk ahead inc death
30,point,,329,2021-06-05,2021-05-24,2 wk ahead inc case
30,point,,9,2021-06-05,2021-05-24,2 wk ahead inc death
30,point,,324,2021-06-12,2021-05-24,3 wk ahead inc case
30,point,,10,2021-06-12,2021-05-24,3 wk ahead inc death
30,point,,320,2021-06-19,2021-05-24,4 wk ahead inc case
30,point,,9,2021-06-19,2021-05-24,4 wk ahead inc death
31,point,,274,2021-05-29,2021-05-24,1 wk ahead inc case
31,point,,0,2021-05-29,2021-05-24,1 wk ahead inc death
31,point,,172,2021-06-05,2021-05-24,2 wk ahead inc case
31,point,,0,2021-06-05,2021-05-24,2 wk ahead inc death
31,point,,102,2021-06-12,2021-05-24,3 wk ahead inc case
31,point,,0,2021-06-12,2021-05-24,3 wk ahead inc death
31,point,,56,2021-06-19,2021-05-24,4 wk ahead inc case
31,point,,0,2021-06-19,2021-05-24,4 wk ahead inc death
32,point,,1523,2021-05-29,2021-05-24,1 wk ahead inc case
32,point,,25,2021-05-29,2021-05-24,1 wk ahead inc death
32,point,,1316,2021-06-05,2021-05-24,2 wk ahead inc case
32,point,,23,2021-06-05,2021-05-24,2 wk ahead inc death
32,point,,1132,2021-06-12,2021-05-24,3 wk ahead inc case
32,point,,23,2021-06-12,2021-05-24,3 wk ahead inc death
32,point,,996,2021-06-19,2021-05-24,4 wk ahead inc case
32,point,,22,2021-06-19,2021-05-24,4 wk ahead inc death
33,point,,494,2021-05-29,2021-05-24,1 wk ahead inc case
33,point,,15,2021-05-29,2021-05-24,1 wk ahead inc death
33,point,,406,2021-06-05,2021-05-24,2 wk ahead inc case
33,point,,15,2021-06-05,2021-05-24,2 wk ahead inc death
33,point,,344,2021-06-12,2021-05-24,3 wk ahead inc case
33,point,,16,2021-06-12,2021-05-24,3 wk ahead inc death
33,point,,314,2021-06-19,2021-05-24,4 wk ahead inc case
33,point,,16,2021-06-19,2021-05-24,4 wk ahead inc death
34,point,,2944,2021-05-29,2021-05-24,1 wk ahead inc case
34,point,,121,2021-05-29,2021-05-24,1 wk ahead inc death
34,point,,3287,2021-06-05,2021-05-24,2 wk ahead inc case
34,point,,110,2021-06-05,2021-05-24,2 wk ahead inc death
34,point,,3253,2021-06-12,2021-05-24,3 wk ahead inc case
34,point,,97,2021-06-12,2021-05-24,3 wk ahead inc death
34,point,,3232,2021-06-19,2021-05-24,4 wk ahead inc case
34,point,,84,2021-06-19,2021-05-24,4 wk ahead inc death
35,point,,1009,2021-05-29,2021-05-24,1 wk ahead inc case
35,point,,20,2021-05-29,2021-05-24,1 wk ahead inc death
35,point,,889,2021-06-05,2021-05-24,2 wk ahead inc case
35,point,,20,2021-06-05,2021-05-24,2 wk ahead inc death
35,point,,772,2021-06-12,2021-05-24,3 wk ahead inc case
35,point,,19,2021-06-12,2021-05-24,3 wk ahead inc death
35,point,,681,2021-06-19,2021-05-24,4 wk ahead inc case
35,point,,20,2021-06-19,2021-05-24,4 wk ahead inc death
36,point,,6995,2021-05-29,2021-05-24,1 wk ahead inc case
36,point,,156,2021-05-29,2021-05-24,1 wk ahead inc death
36,point,,5222,2021-06-05,2021-05-24,2 wk ahead inc case
36,point,,138,2021-06-05,2021-05-24,2 wk ahead inc death
36,point,,3723,2021-06-12,2021-05-24,3 wk ahead inc case
36,point,,124,2021-06-12,2021-05-24,3 wk ahead inc death
36,point,,2546,2021-06-19,2021-05-24,4 wk ahead inc case
36,point,,116,2021-06-19,2021-05-24,4 wk ahead inc death
37,point,,5614,2021-05-29,2021-05-24,1 wk ahead inc case
37,point,,88,2021-05-29,2021-05-24,1 wk ahead inc death
37,point,,5318,2021-06-05,2021-05-24,2 wk ahead inc case
37,point,,88,2021-06-05,2021-05-24,2 wk ahead inc death
37,point,,4328,2021-06-12,2021-05-24,3 wk ahead inc case
37,point,,86,2021-06-12,2021-05-24,3 wk ahead inc death
37,point,,3670,2021-06-19,2021-05-24,4 wk ahead inc case
37,point,,86,2021-06-19,2021-05-24,4 wk ahead inc death
38,point,,427,2021-05-29,2021-05-24,1 wk ahead inc case
38,point,,3,2021-05-29,2021-05-24,1 wk ahead inc death
38,point,,366,2021-06-05,2021-05-24,2 wk ahead inc case
38,point,,3,2021-06-05,2021-05-24,2 wk ahead inc death
38,point,,312,2021-06-12,2021-05-24,3 wk ahead inc case
38,point,,3,2021-06-12,2021-05-24,3 wk ahead inc death
38,point,,264,2021-06-19,2021-05-24,4 wk ahead inc case
38,point,,3,2021-06-19,2021-05-24,4 wk ahead inc death
39,point,,6135,2021-05-29,2021-05-24,1 wk ahead inc case
39,point,,0,2021-05-29,2021-05-24,1 wk ahead inc death
39,point,,5575,2021-06-05,2021-05-24,2 wk ahead inc case
39,point,,0,2021-06-05,2021-05-24,2 wk ahead inc death
39,point,,5172,2021-06-12,2021-05-24,3 wk ahead inc case
39,point,,0,2021-06-12,2021-05-24,3 wk ahead inc death
39,point,,4715,2021-06-19,2021-05-24,4 wk ahead inc case
39,point,,0,2021-06-19,2021-05-24,4 wk ahead inc death
40,point,,778,2021-05-29,2021-05-24,1 wk ahead inc case
40,point,,40,2021-05-29,2021-05-24,1 wk ahead inc death
40,point,,733,2021-06-05,2021-05-24,2 wk ahead inc case
40,point,,40,2021-06-05,2021-05-24,2 wk ahead inc death
40,point,,719,2021-06-12,2021-05-24,3 wk ahead inc case
40,point,,40,2021-06-12,2021-05-24,3 wk ahead inc death
40,point,,743,2021-06-19,2021-05-24,4 wk ahead inc case
40,point,,41,2021-06-19,2021-05-24,4 wk ahead inc death
41,point,,2709,2021-05-29,2021-05-24,1 wk ahead inc case
41,point,,40,2021-05-29,2021-05-24,1 wk ahead inc death
41,point,,2555,2021-06-05,2021-05-24,2 wk ahead inc case
41,point,,38,2021-06-05,2021-05-24,2 wk ahead inc death
41,point,,2602,2021-06-12,2021-05-24,3 wk ahead inc case
41,point,,40,2021-06-12,2021-05-24,3 wk ahead inc death
41,point,,2626,2021-06-19,2021-05-24,4 wk ahead inc case
41,point,,39,2021-06-19,2021-05-24,4 wk ahead inc death
42,point,,8446,2021-05-29,2021-05-24,1 wk ahead inc case
42,point,,253,2021-05-29,2021-05-24,1 wk ahead inc death
42,point,,8231,2021-06-05,2021-05-24,2 wk ahead inc case
42,point,,253,2021-06-05,2021-05-24,2 wk ahead inc death
42,point,,8303,2021-06-12,2021-05-24,3 wk ahead inc case
42,point,,254,2021-06-12,2021-05-24,3 wk ahead inc death
42,point,,8386,2021-06-19,2021-05-24,4 wk ahead inc case
42,point,,255,2021-06-19,2021-05-24,4 wk ahead inc death
44,point,,804,2021-05-29,2021-05-24,1 wk ahead inc case
44,point,,4,2021-05-29,2021-05-24,1 wk ahead inc death
44,point,,752,2021-06-05,2021-05-24,2 wk ahead inc case
44,point,,3,2021-06-05,2021-05-24,2 wk ahead inc death
44,point,,706,2021-06-12,2021-05-24,3 wk ahead inc case
44,point,,3,2021-06-12,2021-05-24,3 wk ahead inc death
44,point,,663,2021-06-19,2021-05-24,4 wk ahead inc case
44,point,,2,2021-06-19,2021-05-24,4 wk ahead inc death
45,point,,2053,2021-05-29,2021-05-24,1 wk ahead inc case
45,point,,41,2021-05-29,2021-05-24,1 wk ahead inc death
45,point,,1681,2021-06-05,2021-05-24,2 wk ahead inc case
45,point,,35,2021-06-05,2021-05-24,2 wk ahead inc death
45,point,,1382,2021-06-12,2021-05-24,3 wk ahead inc case
45,point,,29,2021-06-12,2021-05-24,3 wk ahead inc death
45,point,,1121,2021-06-19,2021-05-24,4 wk ahead inc case
45,point,,26,2021-06-19,2021-05-24,4 wk ahead inc death
46,point,,208,2021-05-29,2021-05-24,1 wk ahead inc case
46,point,,12,2021-05-29,2021-05-24,1 wk ahead inc death
46,point,,172,2021-06-05,2021-05-24,2 wk ahead inc case
46,point,,11,2021-06-05,2021-05-24,2 wk ahead inc death
46,point,,131,2021-06-12,2021-05-24,3 wk ahead inc case
46,point,,11,2021-06-12,2021-05-24,3 wk ahead inc death
46,point,,96,2021-06-19,2021-05-24,4 wk ahead inc case
46,point,,11,2021-06-19,2021-05-24,4 wk ahead inc death
47,point,,2586,2021-05-29,2021-05-24,1 wk ahead inc case
47,point,,59,2021-05-29,2021-05-24,1 wk ahead inc death
47,point,,2441,2021-06-05,2021-05-24,2 wk ahead inc case
47,point,,63,2021-06-05,2021-05-24,2 wk ahead inc death
47,point,,2419,2021-06-12,2021-05-24,3 wk ahead inc case
47,point,,60,2021-06-12,2021-05-24,3 wk ahead inc death
47,point,,2314,2021-06-19,2021-05-24,4 wk ahead inc case
47,point,,61,2021-06-19,2021-05-24,4 wk ahead inc death
48,point,,10939,2021-05-29,2021-05-24,1 wk ahead inc case
48,point,,256,2021-05-29,2021-05-24,1 wk ahead inc death
48,point,,9911,2021-06-05,2021-05-24,2 wk ahead inc case
48,point,,238,2021-06-05,2021-05-24,2 wk ahead inc death
48,point,,9117,2021-06-12,2021-05-24,3 wk ahead inc case
48,point,,221,2021-06-12,2021-05-24,3 wk ahead inc death
48,point,,8560,2021-06-19,2021-05-24,4 wk ahead inc case
48,point,,206,2021-06-19,2021-05-24,4 wk ahead inc death
49,point,,1822,2021-05-29,2021-05-24,1 wk ahead inc case
49,point,,32,2021-05-29,2021-05-24,1 wk ahead inc death
49,point,,1866,2021-06-05,2021-05-24,2 wk ahead inc case
49,point,,30,2021-06-05,2021-05-24,2 wk ahead inc death
49,point,,1858,2021-06-12,2021-05-24,3 wk ahead inc case
49,point,,30,2021-06-12,2021-05-24,3 wk ahead inc death
49,point,,1845,2021-06-19,2021-05-24,4 wk ahead inc case
49,point,,31,2021-06-19,2021-05-24,4 wk ahead inc death
50,point,,169,2021-05-29,2021-05-24,1 wk ahead inc case
50,point,,2,2021-05-29,2021-05-24,1 wk ahead inc death
50,point,,134,2021-06-05,2021-05-24,2 wk ahead inc case
50,point,,2,2021-06-05,2021-05-24,2 wk ahead inc death
50,point,,105,2021-06-12,2021-05-24,3 wk ahead inc case
50,point,,2,2021-06-12,2021-05-24,3 wk ahead inc death
50,point,,79,2021-06-19,2021-05-24,4 wk ahead inc case
50,point,,2,2021-06-19,2021-05-24,4 wk ahead inc death
51,point,,2346,2021-05-29,2021-05-24,1 wk ahead inc case
51,point,,120,2021-05-29,2021-05-24,1 wk ahead inc death
51,point,,2365,2021-06-05,2021-05-24,2 wk ahead inc case
51,point,,121,2021-06-05,2021-05-24,2 wk ahead inc death
51,point,,2353,2021-06-12,2021-05-24,3 wk ahead inc case
51,point,,134,2021-06-12,2021-05-24,3 wk ahead inc death
51,point,,2441,2021-06-19,2021-05-24,4 wk ahead inc case
51,point,,143,2021-06-19,2021-05-24,4 wk ahead inc death
53,point,,3439,2021-05-29,2021-05-24,1 wk ahead inc case
53,point,,80,2021-05-29,2021-05-24,1 wk ahead inc death
53,point,,3242,2021-06-05,2021-05-24,2 wk ahead inc case
53,point,,82,2021-06-05,2021-05-24,2 wk ahead inc death
53,point,,3114,2021-06-12,2021-05-24,3 wk ahead inc case
53,point,,85,2021-06-12,2021-05-24,3 wk ahead inc death
53,point,,2990,2021-06-19,2021-05-24,4 wk ahead inc case
53,point,,88,2021-06-19,2021-05-24,4 wk ahead inc death
54,point,,771,2021-05-29,2021-05-24,1 wk ahead inc case
54,point,,19,2021-05-29,2021-05-24,1 wk ahead inc death
54,point,,1349,2021-06-05,2021-05-24,2 wk ahead inc case
54,point,,16,2021-06-05,2021-05-24,2 wk ahead inc death
54,point,,1308,2021-06-12,2021-05-24,3 wk ahead inc case
54,point,,15,2021-06-12,2021-05-24,3 wk ahead inc death
54,point,,1212,2021-06-19,2021-05-24,4 wk ahead inc case
54,point,,15,2021-06-19,2021-05-24,4 wk ahead inc death
55,point,,2371,2021-05-29,2021-05-24,1 wk ahead inc case
55,point,,42,2021-05-29,2021-05-24,1 wk ahead inc death
55,point,,2133,2021-06-05,2021-05-24,2 wk ahead inc case
55,point,,42,2021-06-05,2021-05-24,2 wk ahead inc death
55,point,,1902,2021-06-12,2021-05-24,3 wk ahead inc case
55,point,,42,2021-06-12,2021-05-24,3 wk ahead inc death
55,point,,1776,2021-06-19,2021-05-24,4 wk ahead inc case
55,point,,41,2021-06-19,2021-05-24,4 wk ahead inc death
56,point,,639,2021-05-29,2021-05-24,1 wk ahead inc case
56,point,,2,2021-05-29,2021-05-24,1 wk ahead inc death
56,point,,613,2021-06-05,2021-05-24,2 wk ahead inc case
56,point,,2,2021-06-05,2021-05-24,2 wk ahead inc death
56,point,,620,2021-06-12,2021-05-24,3 wk ahead inc case
56,point,,2,2021-06-12,2021-05-24,3 wk ahead inc death
56,point,,626,2021-06-19,2021-05-24,4 wk ahead inc case
56,point,,2,2021-06-19,2021-05-24,4 wk ahead inc death
US,point,,133350,2021-05-29,2021-05-24,1 wk ahead inc case
US,point,,3508,2021-05-29,2021-05-24,1 wk ahead inc death
US,point,,99842,2021-06-05,2021-05-24,2 wk ahead inc case
US,point,,3232,2021-06-05,2021-05-24,2 wk ahead inc death
US,point,,73585,2021-06-12,2021-05-24,3 wk ahead inc case
US,point,,2881,2021-06-12,2021-05-24,3 wk ahead inc death
US,point,,54994,2021-06-19,2021-05-24,4 wk ahead inc case
US,point,,2626,2021-06-19,2021-05-24,4 wk ahead inc death
